"OBJECTID","ID_0","ISO","NAME_0","ID_1","NAME_1","ID_2","NAME_2","ID_3","NAME_3","CCN_3","CCA_3","TYPE_3","ENGTYPE_3","NL_NAME_3","VARNAME_3"
1,239,"UGA","Uganda",1,"Adjumani",1,"East Moyo",1,"Adjumani Tc",NA,"","Sub-county","Sub-county","",""
2,239,"UGA","Uganda",1,"Adjumani",1,"East Moyo",2,"Adropi",NA,"","Sub-county","Sub-county","",""
3,239,"UGA","Uganda",1,"Adjumani",1,"East Moyo",3,"Ciforo",NA,"","Sub-county","Sub-county","",""
4,239,"UGA","Uganda",1,"Adjumani",1,"East Moyo",4,"Dzaipi",NA,"","Sub-county","Sub-county","",""
5,239,"UGA","Uganda",1,"Adjumani",1,"East Moyo",5,"Ofua",NA,"","Sub-county","Sub-county","",""
6,239,"UGA","Uganda",1,"Adjumani",1,"East Moyo",6,"Pakelle",NA,"","Sub-county","Sub-county","",""
7,239,"UGA","Uganda",2,"Apac",2,"Kole",7,"Aboke",NA,"","Sub-county","Sub-county","",""
8,239,"UGA","Uganda",2,"Apac",2,"Kole",8,"Akalo",NA,"","Sub-county","Sub-county","",""
9,239,"UGA","Uganda",2,"Apac",2,"Kole",9,"Alito",NA,"","Sub-county","Sub-county","",""
10,239,"UGA","Uganda",2,"Apac",2,"Kole",10,"Ayer",NA,"","Sub-county","Sub-county","",""
11,239,"UGA","Uganda",2,"Apac",2,"Kole",11,"Balla",NA,"","Sub-county","Sub-county","","Bala"
12,239,"UGA","Uganda",2,"Apac",3,"Kwania",12,"Abongomola",NA,"","Sub-county","Sub-county","",""
13,239,"UGA","Uganda",2,"Apac",3,"Kwania",13,"Aduku",NA,"","Sub-county","Sub-county","",""
14,239,"UGA","Uganda",2,"Apac",3,"Kwania",14,"Cawente",NA,"","Sub-county","Sub-county","","Chawente"
15,239,"UGA","Uganda",2,"Apac",3,"Kwania",15,"Inomo",NA,"","Sub-county","Sub-county","",""
16,239,"UGA","Uganda",2,"Apac",3,"Kwania",16,"Nambieso",NA,"","Sub-county","Sub-county","",""
17,239,"UGA","Uganda",2,"Apac",4,"Maruzi",17,"Akokoro",NA,"","Sub-county","Sub-county","",""
18,239,"UGA","Uganda",2,"Apac",4,"Maruzi",18,"Apac Tc",NA,"","Sub-county","Sub-county","",""
19,239,"UGA","Uganda",2,"Apac",4,"Maruzi",19,"Apac",NA,"","Sub-county","Sub-county","",""
20,239,"UGA","Uganda",2,"Apac",4,"Maruzi",20,"Cegere",NA,"","Sub-county","Sub-county","",""
21,239,"UGA","Uganda",2,"Apac",4,"Maruzi",21,"Ibuje",NA,"","Sub-county","Sub-county","",""
22,239,"UGA","Uganda",2,"Apac",5,"Oyam",22,"Aber",NA,"","Sub-county","Sub-county","",""
23,239,"UGA","Uganda",2,"Apac",5,"Oyam",23,"Achaba",NA,"","Sub-county","Sub-county","","Acaba"
24,239,"UGA","Uganda",2,"Apac",5,"Oyam",24,"Icheme",NA,"","Sub-county","Sub-county","","Iceme"
25,239,"UGA","Uganda",2,"Apac",5,"Oyam",25,"Loro",NA,"","Sub-county","Sub-county","",""
26,239,"UGA","Uganda",2,"Apac",5,"Oyam",26,"Minakulu",NA,"","Sub-county","Sub-county","",""
27,239,"UGA","Uganda",2,"Apac",5,"Oyam",27,"Ngai",NA,"","Sub-county","Sub-county","",""
28,239,"UGA","Uganda",2,"Apac",5,"Oyam",28,"Otwal",NA,"","Sub-county","Sub-county","",""
29,239,"UGA","Uganda",3,"Arua",6,"Arua Municipality",29,"Arua Hill",NA,"","Sub-county","Sub-county","",""
30,239,"UGA","Uganda",3,"Arua",6,"Arua Municipality",30,"Oli River",NA,"","Sub-county","Sub-county","",""
31,239,"UGA","Uganda",3,"Arua",7,"Ayivu",31,"Adumi",NA,"","Sub-county","Sub-county","",""
32,239,"UGA","Uganda",3,"Arua",7,"Ayivu",32,"Aroi",NA,"","Sub-county","Sub-county","",""
33,239,"UGA","Uganda",3,"Arua",7,"Ayivu",33,"Dadamu",NA,"","Sub-county","Sub-county","",""
34,239,"UGA","Uganda",3,"Arua",7,"Ayivu",34,"Manibe",NA,"","Sub-county","Sub-county","",""
35,239,"UGA","Uganda",3,"Arua",7,"Ayivu",35,"Oluko",NA,"","Sub-county","Sub-county","",""
36,239,"UGA","Uganda",3,"Arua",7,"Ayivu",36,"Pajulu",NA,"","Sub-county","Sub-county","",""
37,239,"UGA","Uganda",3,"Arua",8,"Koboko",37,"Koboko Tc",NA,"","Sub-county","Sub-county","",""
38,239,"UGA","Uganda",3,"Arua",8,"Koboko",38,"Kuluba",NA,"","Sub-county","Sub-county","",""
39,239,"UGA","Uganda",3,"Arua",8,"Koboko",39,"Lobule",NA,"","Sub-county","Sub-county","",""
40,239,"UGA","Uganda",3,"Arua",8,"Koboko",40,"Ludara",NA,"","Sub-county","Sub-county","",""
41,239,"UGA","Uganda",3,"Arua",8,"Koboko",41,"Midia",NA,"","Sub-county","Sub-county","",""
42,239,"UGA","Uganda",3,"Arua",9,"Madi-Okollo",42,"Offaka",NA,"","Sub-county","Sub-county","",""
43,239,"UGA","Uganda",3,"Arua",9,"Madi-Okollo",43,"Ogoko",NA,"","Sub-county","Sub-county","",""
44,239,"UGA","Uganda",3,"Arua",9,"Madi-Okollo",44,"Okollo",NA,"","Sub-county","Sub-county","",""
45,239,"UGA","Uganda",3,"Arua",9,"Madi-Okollo",45,"Rhino Camp",NA,"","Sub-county","Sub-county","",""
46,239,"UGA","Uganda",3,"Arua",9,"Madi-Okollo",46,"Rigbo",NA,"","Sub-county","Sub-county","",""
47,239,"UGA","Uganda",3,"Arua",9,"Madi-Okollo",47,"Uleppi",NA,"","Sub-county","Sub-county","",""
48,239,"UGA","Uganda",3,"Arua",10,"Maracha",48,"Kijomoro",NA,"","Sub-county","Sub-county","",""
49,239,"UGA","Uganda",3,"Arua",10,"Maracha",49,"Nyadri",NA,"","Sub-county","Sub-county","",""
50,239,"UGA","Uganda",3,"Arua",10,"Maracha",50,"Oleba",NA,"","Sub-county","Sub-county","",""
51,239,"UGA","Uganda",3,"Arua",10,"Maracha",51,"Oluffe",NA,"","Sub-county","Sub-county","",""
52,239,"UGA","Uganda",3,"Arua",10,"Maracha",52,"Oluvu",NA,"","Sub-county","Sub-county","",""
53,239,"UGA","Uganda",3,"Arua",10,"Maracha",53,"Tara",NA,"","Sub-county","Sub-county","",""
54,239,"UGA","Uganda",3,"Arua",10,"Maracha",54,"Yivu",NA,"","Sub-county","Sub-county","",""
55,239,"UGA","Uganda",3,"Arua",11,"Terego",55,"Ali-vu",NA,"","Sub-county","Sub-county","","Aii - Vu"
56,239,"UGA","Uganda",3,"Arua",11,"Terego",56,"Beleafe",NA,"","Sub-county","Sub-county","",""
57,239,"UGA","Uganda",3,"Arua",11,"Terego",57,"Katrini",NA,"","Sub-county","Sub-county","",""
58,239,"UGA","Uganda",3,"Arua",11,"Terego",58,"Odupi",NA,"","Sub-county","Sub-county","",""
59,239,"UGA","Uganda",3,"Arua",11,"Terego",59,"Omugo",NA,"","Sub-county","Sub-county","",""
60,239,"UGA","Uganda",3,"Arua",11,"Terego",60,"Uriama",NA,"","Sub-county","Sub-county","",""
61,239,"UGA","Uganda",3,"Arua",12,"Vurra",61,"Ajia",NA,"","Sub-county","Sub-county","",""
62,239,"UGA","Uganda",3,"Arua",12,"Vurra",62,"Arivu",NA,"","Sub-county","Sub-county","",""
63,239,"UGA","Uganda",3,"Arua",12,"Vurra",63,"Logiri",NA,"","Sub-county","Sub-county","",""
64,239,"UGA","Uganda",3,"Arua",12,"Vurra",64,"Vurra",NA,"","Sub-county","Sub-county","",""
65,239,"UGA","Uganda",4,"Bugiri",13,"Bukooli",65,"Banda",NA,"","Sub-county","Sub-county","",""
66,239,"UGA","Uganda",4,"Bugiri",13,"Bukooli",66,"Budhaya",NA,"","Sub-county","Sub-county","",""
67,239,"UGA","Uganda",4,"Bugiri",13,"Bukooli",67,"Bugiri Tc",NA,"","Sub-county","Sub-county","",""
68,239,"UGA","Uganda",4,"Bugiri",13,"Bukooli",68,"Bulidha",NA,"","Sub-county","Sub-county","",""
69,239,"UGA","Uganda",4,"Bugiri",13,"Bukooli",69,"Buliisa",NA,"","Sub-county","Sub-county","","Bulesa"
70,239,"UGA","Uganda",4,"Bugiri",13,"Bukooli",70,"Buluguyi",NA,"","Sub-county","Sub-county","",""
71,239,"UGA","Uganda",4,"Bugiri",13,"Bukooli",71,"Buswale",NA,"","Sub-county","Sub-county","",""
72,239,"UGA","Uganda",4,"Bugiri",13,"Bukooli",72,"Buwunga",NA,"","Sub-county","Sub-county","",""
73,239,"UGA","Uganda",4,"Bugiri",13,"Bukooli",73,"Buyinja",NA,"","Sub-county","Sub-county","",""
74,239,"UGA","Uganda",4,"Bugiri",13,"Bukooli",74,"Iwemba",NA,"","Sub-county","Sub-county","",""
75,239,"UGA","Uganda",4,"Bugiri",13,"Bukooli",75,"Kapyanga",NA,"","Sub-county","Sub-county","",""
76,239,"UGA","Uganda",4,"Bugiri",13,"Bukooli",76,"L.Victoria",NA,"","Sub-county","Sub-county","",""
77,239,"UGA","Uganda",4,"Bugiri",13,"Bukooli",77,"Muterere",NA,"","Sub-county","Sub-county","",""
78,239,"UGA","Uganda",4,"Bugiri",13,"Bukooli",78,"Mutumba",NA,"","Sub-county","Sub-county","",""
79,239,"UGA","Uganda",4,"Bugiri",13,"Bukooli",79,"Nabukalu",NA,"","Sub-county","Sub-county","",""
80,239,"UGA","Uganda",4,"Bugiri",13,"Bukooli",80,"Nankoma",NA,"","Sub-county","Sub-county","",""
81,239,"UGA","Uganda",4,"Bugiri",13,"Bukooli",81,"Sigulu Islands",NA,"","Sub-county","Sub-county","",""
82,239,"UGA","Uganda",5,"Bundibugyo",14,"Bwamba",82,"Bubandi",NA,"","Sub-county","Sub-county","",""
83,239,"UGA","Uganda",5,"Bundibugyo",14,"Bwamba",83,"Bubukwanga",NA,"","Sub-county","Sub-county","",""
84,239,"UGA","Uganda",5,"Bundibugyo",14,"Bwamba",84,"Bundibugyo Tc",NA,"","Sub-county","Sub-county","",""
85,239,"UGA","Uganda",5,"Bundibugyo",14,"Bwamba",85,"Busaru",NA,"","Sub-county","Sub-county","",""
86,239,"UGA","Uganda",5,"Bundibugyo",14,"Bwamba",86,"Harugali",NA,"","Sub-county","Sub-county","",""
87,239,"UGA","Uganda",5,"Bundibugyo",14,"Bwamba",87,"Kasitu",NA,"","Sub-county","Sub-county","",""
88,239,"UGA","Uganda",5,"Bundibugyo",14,"Bwamba",88,"Nduguto",NA,"","Sub-county","Sub-county","",""
89,239,"UGA","Uganda",5,"Bundibugyo",15,"Ntoroko",89,"Kanara",NA,"","Sub-county","Sub-county","",""
90,239,"UGA","Uganda",5,"Bundibugyo",15,"Ntoroko",90,"Karugutu",NA,"","Sub-county","Sub-county","",""
91,239,"UGA","Uganda",5,"Bundibugyo",15,"Ntoroko",91,"Rwebisengo",NA,"","Sub-county","Sub-county","",""
92,239,"UGA","Uganda",6,"Bushenyi",16,"Buhweju",92,"Bihanga",NA,"","Sub-county","Sub-county","",""
93,239,"UGA","Uganda",6,"Bushenyi",16,"Buhweju",93,"Burere",NA,"","Sub-county","Sub-county","",""
94,239,"UGA","Uganda",6,"Bushenyi",16,"Buhweju",94,"Karungu",NA,"","Sub-county","Sub-county","",""
95,239,"UGA","Uganda",6,"Bushenyi",16,"Buhweju",95,"Rwengwe",NA,"","Sub-county","Sub-county","",""
96,239,"UGA","Uganda",6,"Bushenyi",17,"Bunyaruguru",96,"Burere",NA,"","Sub-county","Sub-county","",""
97,239,"UGA","Uganda",6,"Bushenyi",17,"Bunyaruguru",97,"Katerera",NA,"","Sub-county","Sub-county","",""
98,239,"UGA","Uganda",6,"Bushenyi",17,"Bunyaruguru",98,"Katunguru",NA,"","Sub-county","Sub-county","",""
99,239,"UGA","Uganda",6,"Bushenyi",17,"Bunyaruguru",99,"Kichwamba",NA,"","Sub-county","Sub-county","",""
100,239,"UGA","Uganda",6,"Bushenyi",17,"Bunyaruguru",100,"Ryeru",NA,"","Sub-county","Sub-county","",""
101,239,"UGA","Uganda",6,"Bushenyi",18,"Igara",101,"Bumbaire",NA,"","Sub-county","Sub-county","",""
102,239,"UGA","Uganda",6,"Bushenyi",18,"Igara",102,"Bushenyi-Ishaka Tc",NA,"","Sub-county","Sub-county","",""
103,239,"UGA","Uganda",6,"Bushenyi",18,"Igara",103,"Kakanju",NA,"","Sub-county","Sub-county","",""
104,239,"UGA","Uganda",6,"Bushenyi",18,"Igara",104,"Kyabugimbi",NA,"","Sub-county","Sub-county","",""
105,239,"UGA","Uganda",6,"Bushenyi",18,"Igara",105,"Kyamuhunga",NA,"","Sub-county","Sub-county","",""
106,239,"UGA","Uganda",6,"Bushenyi",18,"Igara",106,"Kyeizoba",NA,"","Sub-county","Sub-county","",""
107,239,"UGA","Uganda",6,"Bushenyi",18,"Igara",107,"Nyabubare",NA,"","Sub-county","Sub-county","",""
108,239,"UGA","Uganda",6,"Bushenyi",19,"Ruhinda",108,"Bitereko",NA,"","Sub-county","Sub-county","",""
109,239,"UGA","Uganda",6,"Bushenyi",19,"Ruhinda",109,"Kabira",NA,"","Sub-county","Sub-county","",""
110,239,"UGA","Uganda",6,"Bushenyi",19,"Ruhinda",110,"Kanyabwanga",NA,"","Sub-county","Sub-county","",""
111,239,"UGA","Uganda",6,"Bushenyi",19,"Ruhinda",111,"Kashenshero",NA,"","Sub-county","Sub-county","",""
112,239,"UGA","Uganda",6,"Bushenyi",19,"Ruhinda",112,"Kiyanga",NA,"","Sub-county","Sub-county","",""
113,239,"UGA","Uganda",6,"Bushenyi",19,"Ruhinda",113,"Mitooma",NA,"","Sub-county","Sub-county","",""
114,239,"UGA","Uganda",6,"Bushenyi",19,"Ruhinda",114,"Mutara",NA,"","Sub-county","Sub-county","",""
115,239,"UGA","Uganda",6,"Bushenyi",20,"Sheema",115,"Bugongi",NA,"","Sub-county","Sub-county","",""
116,239,"UGA","Uganda",6,"Bushenyi",20,"Sheema",116,"Kabwohe-Itender",NA,"","Sub-county","Sub-county","",""
117,239,"UGA","Uganda",6,"Bushenyi",20,"Sheema",117,"Kagango",NA,"","Sub-county","Sub-county","",""
118,239,"UGA","Uganda",6,"Bushenyi",20,"Sheema",118,"Kigarama",NA,"","Sub-county","Sub-county","",""
119,239,"UGA","Uganda",6,"Bushenyi",20,"Sheema",119,"Kitagata",NA,"","Sub-county","Sub-county","",""
120,239,"UGA","Uganda",6,"Bushenyi",20,"Sheema",120,"Kyangyenyi",NA,"","Sub-county","Sub-county","",""
121,239,"UGA","Uganda",6,"Bushenyi",20,"Sheema",121,"Shuuku",NA,"","Sub-county","Sub-county","",""
122,239,"UGA","Uganda",7,"Busia",21,"Samia-Bugwe",122,"Buhehe",NA,"","Sub-county","Sub-county","",""
123,239,"UGA","Uganda",7,"Busia",21,"Samia-Bugwe",123,"Bulumbi",NA,"","Sub-county","Sub-county","",""
124,239,"UGA","Uganda",7,"Busia",21,"Samia-Bugwe",124,"Busia Tc",NA,"","Sub-county","Sub-county","",""
125,239,"UGA","Uganda",7,"Busia",21,"Samia-Bugwe",125,"Busitema",NA,"","Sub-county","Sub-county","",""
126,239,"UGA","Uganda",7,"Busia",21,"Samia-Bugwe",126,"Buteba",NA,"","Sub-county","Sub-county","",""
127,239,"UGA","Uganda",7,"Busia",21,"Samia-Bugwe",127,"Dabani",NA,"","Sub-county","Sub-county","",""
128,239,"UGA","Uganda",7,"Busia",21,"Samia-Bugwe",128,"Lumino",NA,"","Sub-county","Sub-county","",""
129,239,"UGA","Uganda",7,"Busia",21,"Samia-Bugwe",129,"Lunyo",NA,"","Sub-county","Sub-county","",""
130,239,"UGA","Uganda",7,"Busia",21,"Samia-Bugwe",130,"Masaba",NA,"","Sub-county","Sub-county","",""
131,239,"UGA","Uganda",7,"Busia",21,"Samia-Bugwe",131,"Masafu",NA,"","Sub-county","Sub-county","",""
132,239,"UGA","Uganda",8,"Gulu",22,"Aswa",132,"Awach",NA,"","Sub-county","Sub-county","",""
133,239,"UGA","Uganda",8,"Gulu",22,"Aswa",133,"Bungatira",NA,"","Sub-county","Sub-county","",""
134,239,"UGA","Uganda",8,"Gulu",22,"Aswa",134,"Paicho",NA,"","Sub-county","Sub-county","",""
135,239,"UGA","Uganda",8,"Gulu",22,"Aswa",135,"Palaro",NA,"","Sub-county","Sub-county","",""
136,239,"UGA","Uganda",8,"Gulu",22,"Aswa",136,"Patiko",NA,"","Sub-county","Sub-county","",""
137,239,"UGA","Uganda",8,"Gulu",23,"Gulu",137,"Bar-Dege",NA,"","Sub-county","Sub-county","",""
138,239,"UGA","Uganda",8,"Gulu",23,"Gulu",138,"Laroo",NA,"","Sub-county","Sub-county","",""
139,239,"UGA","Uganda",8,"Gulu",23,"Gulu",139,"Layibi",NA,"","Sub-county","Sub-county","",""
140,239,"UGA","Uganda",8,"Gulu",23,"Gulu",140,"Pece",NA,"","Sub-county","Sub-county","",""
141,239,"UGA","Uganda",8,"Gulu",24,"Kilak",141,"Amuru",NA,"","Sub-county","Sub-county","",""
142,239,"UGA","Uganda",8,"Gulu",24,"Kilak",142,"Atiak",NA,"","Sub-county","Sub-county","",""
143,239,"UGA","Uganda",8,"Gulu",24,"Kilak",143,"Lamogi",NA,"","Sub-county","Sub-county","",""
144,239,"UGA","Uganda",8,"Gulu",24,"Kilak",144,"Pabbo",NA,"","Sub-county","Sub-county","",""
145,239,"UGA","Uganda",8,"Gulu",25,"Nwoya",145,"Alero",NA,"","Sub-county","Sub-county","",""
146,239,"UGA","Uganda",8,"Gulu",25,"Nwoya",146,"Anaka",NA,"","Sub-county","Sub-county","",""
147,239,"UGA","Uganda",8,"Gulu",25,"Nwoya",147,"Koch Goma",NA,"","Sub-county","Sub-county","",""
148,239,"UGA","Uganda",8,"Gulu",25,"Nwoya",148,"Purongo",NA,"","Sub-county","Sub-county","",""
149,239,"UGA","Uganda",8,"Gulu",26,"Omoro",149,"Bobi",NA,"","Sub-county","Sub-county","",""
150,239,"UGA","Uganda",8,"Gulu",26,"Omoro",150,"Koro",NA,"","Sub-county","Sub-county","",""
151,239,"UGA","Uganda",8,"Gulu",26,"Omoro",151,"Lakwana",NA,"","Sub-county","Sub-county","",""
152,239,"UGA","Uganda",8,"Gulu",26,"Omoro",152,"Lalogi",NA,"","Sub-county","Sub-county","",""
153,239,"UGA","Uganda",8,"Gulu",26,"Omoro",153,"Odek",NA,"","Sub-county","Sub-county","",""
154,239,"UGA","Uganda",8,"Gulu",26,"Omoro",154,"Ongako",NA,"","Sub-county","Sub-county","",""
155,239,"UGA","Uganda",9,"Hoima",27,"Bugahya",155,"Buhanika",NA,"","Sub-county","Sub-county","",""
156,239,"UGA","Uganda",9,"Hoima",27,"Bugahya",156,"Buseruka",NA,"","Sub-county","Sub-county","",""
157,239,"UGA","Uganda",9,"Hoima",27,"Bugahya",157,"Busiisi",NA,"","Sub-county","Sub-county","",""
158,239,"UGA","Uganda",9,"Hoima",27,"Bugahya",158,"Hoima Tc",NA,"","Sub-county","Sub-county","",""
159,239,"UGA","Uganda",9,"Hoima",27,"Bugahya",159,"Kigorobya Tc",NA,"","Sub-county","Sub-county","",""
160,239,"UGA","Uganda",9,"Hoima",27,"Bugahya",160,"Kigorobya",NA,"","Sub-county","Sub-county","",""
161,239,"UGA","Uganda",9,"Hoima",27,"Bugahya",161,"Kitoba",NA,"","Sub-county","Sub-county","",""
162,239,"UGA","Uganda",9,"Hoima",27,"Bugahya",162,"Kyabigambire",NA,"","Sub-county","Sub-county","",""
163,239,"UGA","Uganda",9,"Hoima",27,"Bugahya",163,"Kyangwali",NA,"","Sub-county","Sub-county","",""
164,239,"UGA","Uganda",9,"Hoima",28,"Buhaguzi",164,"Bugambe",NA,"","Sub-county","Sub-county","",""
165,239,"UGA","Uganda",9,"Hoima",28,"Buhaguzi",165,"Buhimba",NA,"","Sub-county","Sub-county","",""
166,239,"UGA","Uganda",9,"Hoima",28,"Buhaguzi",166,"Kabwoya",NA,"","Sub-county","Sub-county","",""
167,239,"UGA","Uganda",9,"Hoima",28,"Buhaguzi",167,"Kiziranfumbi",NA,"","Sub-county","Sub-county","",""
168,239,"UGA","Uganda",9,"Hoima",28,"Buhaguzi",168,"Kyangwali",NA,"","Sub-county","Sub-county","",""
169,239,"UGA","Uganda",10,"Iganga",29,"Bugweri",169,"Buyanga",NA,"","Sub-county","Sub-county","",""
170,239,"UGA","Uganda",10,"Iganga",29,"Bugweri",170,"Ibulanku",NA,"","Sub-county","Sub-county","",""
171,239,"UGA","Uganda",10,"Iganga",29,"Bugweri",171,"Makuutu",NA,"","Sub-county","Sub-county","",""
172,239,"UGA","Uganda",10,"Iganga",29,"Bugweri",172,"Namalemba",NA,"","Sub-county","Sub-county","",""
173,239,"UGA","Uganda",10,"Iganga",30,"Busiki",173,"Bulange",NA,"","Sub-county","Sub-county","",""
174,239,"UGA","Uganda",10,"Iganga",30,"Busiki",174,"Ivukula",NA,"","Sub-county","Sub-county","",""
175,239,"UGA","Uganda",10,"Iganga",30,"Busiki",175,"Kibaale",NA,"","Sub-county","Sub-county","",""
176,239,"UGA","Uganda",10,"Iganga",30,"Busiki",176,"Magada",NA,"","Sub-county","Sub-county","",""
177,239,"UGA","Uganda",10,"Iganga",30,"Busiki",177,"Namutumba",NA,"","Sub-county","Sub-county","",""
178,239,"UGA","Uganda",10,"Iganga",30,"Busiki",178,"Nsinze",NA,"","Sub-county","Sub-county","",""
179,239,"UGA","Uganda",10,"Iganga",31,"Kigulu",179,"Bulamagi",NA,"","Sub-county","Sub-county","",""
180,239,"UGA","Uganda",10,"Iganga",31,"Kigulu",180,"Iganga Tc",NA,"","Sub-county","Sub-county","",""
181,239,"UGA","Uganda",10,"Iganga",31,"Kigulu",181,"Nabitende",NA,"","Sub-county","Sub-county","",""
182,239,"UGA","Uganda",10,"Iganga",31,"Kigulu",182,"Nakalama",NA,"","Sub-county","Sub-county","",""
183,239,"UGA","Uganda",10,"Iganga",31,"Kigulu",183,"Nakigo",NA,"","Sub-county","Sub-county","",""
184,239,"UGA","Uganda",10,"Iganga",31,"Kigulu",184,"Nambale",NA,"","Sub-county","Sub-county","",""
185,239,"UGA","Uganda",10,"Iganga",31,"Kigulu",185,"Namungalwe",NA,"","Sub-county","Sub-county","",""
186,239,"UGA","Uganda",10,"Iganga",31,"Kigulu",186,"Nawandala",NA,"","Sub-county","Sub-county","",""
187,239,"UGA","Uganda",10,"Iganga",32,"Luuka",187,"Bukanga",NA,"","Sub-county","Sub-county","",""
188,239,"UGA","Uganda",10,"Iganga",32,"Luuka",188,"Bukooma",NA,"","Sub-county","Sub-county","",""
189,239,"UGA","Uganda",10,"Iganga",32,"Luuka",189,"Bulongo",NA,"","Sub-county","Sub-county","",""
190,239,"UGA","Uganda",10,"Iganga",32,"Luuka",190,"Ikumbya",NA,"","Sub-county","Sub-county","",""
191,239,"UGA","Uganda",10,"Iganga",32,"Luuka",191,"Irongo",NA,"","Sub-county","Sub-county","",""
192,239,"UGA","Uganda",10,"Iganga",32,"Luuka",192,"Nawampiti",NA,"","Sub-county","Sub-county","",""
193,239,"UGA","Uganda",10,"Iganga",32,"Luuka",193,"Waibuga",NA,"","Sub-county","Sub-county","",""
194,239,"UGA","Uganda",11,"Jinja",33,"Butembe",194,"Busedde",NA,"","Sub-county","Sub-county","",""
195,239,"UGA","Uganda",11,"Jinja",33,"Butembe",195,"Kakira",NA,"","Sub-county","Sub-county","",""
196,239,"UGA","Uganda",11,"Jinja",33,"Butembe",196,"Mafubira",NA,"","Sub-county","Sub-county","",""
197,239,"UGA","Uganda",11,"Jinja",34,"Jinja",197,"Central Division",NA,"","Sub-county","Sub-county","",""
198,239,"UGA","Uganda",11,"Jinja",34,"Jinja",198,"Masese/Walukuba",NA,"","Sub-county","Sub-county","",""
199,239,"UGA","Uganda",11,"Jinja",34,"Jinja",199,"Mpumudde/Kimaka",NA,"","Sub-county","Sub-county","",""
200,239,"UGA","Uganda",11,"Jinja",35,"Kagoma",200,"Budondo",NA,"","Sub-county","Sub-county","",""
201,239,"UGA","Uganda",11,"Jinja",35,"Kagoma",201,"Butagaya",NA,"","Sub-county","Sub-county","",""
202,239,"UGA","Uganda",11,"Jinja",35,"Kagoma",202,"Buwenge Tc",NA,"","Sub-county","Sub-county","",""
203,239,"UGA","Uganda",11,"Jinja",35,"Kagoma",203,"Buwenge",NA,"","Sub-county","Sub-county","",""
204,239,"UGA","Uganda",11,"Jinja",35,"Kagoma",204,"Buyengo",NA,"","Sub-county","Sub-county","",""
205,239,"UGA","Uganda",12,"Kabale",36,"Kabale",205,"Kabale Central",NA,"","Sub-county","Sub-county","",""
206,239,"UGA","Uganda",12,"Kabale",36,"Kabale",206,"Kabale Northern",NA,"","Sub-county","Sub-county","",""
207,239,"UGA","Uganda",12,"Kabale",36,"Kabale",207,"Kabale Southern",NA,"","Sub-county","Sub-county","",""
208,239,"UGA","Uganda",12,"Kabale",37,"Ndorwa",208,"Buhara",NA,"","Sub-county","Sub-county","",""
209,239,"UGA","Uganda",12,"Kabale",37,"Ndorwa",209,"Kaharo",NA,"","Sub-county","Sub-county","",""
210,239,"UGA","Uganda",12,"Kabale",37,"Ndorwa",210,"Kamuganguzi",NA,"","Sub-county","Sub-county","",""
211,239,"UGA","Uganda",12,"Kabale",37,"Ndorwa",211,"Kitumba",NA,"","Sub-county","Sub-county","",""
212,239,"UGA","Uganda",12,"Kabale",37,"Ndorwa",212,"Kyanamira",NA,"","Sub-county","Sub-county","",""
213,239,"UGA","Uganda",12,"Kabale",37,"Ndorwa",213,"Maziba",NA,"","Sub-county","Sub-county","",""
214,239,"UGA","Uganda",12,"Kabale",37,"Ndorwa",214,"Rubaya",NA,"","Sub-county","Sub-county","",""
215,239,"UGA","Uganda",12,"Kabale",38,"Rubanda",215,"Bubaare",NA,"","Sub-county","Sub-county","","Bubare"
216,239,"UGA","Uganda",12,"Kabale",38,"Rubanda",216,"Bufundi",NA,"","Sub-county","Sub-county","",""
217,239,"UGA","Uganda",12,"Kabale",38,"Rubanda",217,"Hamurwa",NA,"","Sub-county","Sub-county","",""
218,239,"UGA","Uganda",12,"Kabale",38,"Rubanda",218,"Ikumba",NA,"","Sub-county","Sub-county","",""
219,239,"UGA","Uganda",12,"Kabale",38,"Rubanda",219,"Muko",NA,"","Sub-county","Sub-county","",""
220,239,"UGA","Uganda",12,"Kabale",39,"Rukiga",220,"Bukinda",NA,"","Sub-county","Sub-county","",""
221,239,"UGA","Uganda",12,"Kabale",39,"Rukiga",221,"Kamwezi",NA,"","Sub-county","Sub-county","",""
222,239,"UGA","Uganda",12,"Kabale",39,"Rukiga",222,"Kashambya",NA,"","Sub-county","Sub-county","",""
223,239,"UGA","Uganda",12,"Kabale",39,"Rukiga",223,"Rwamucucu",NA,"","Sub-county","Sub-county","",""
224,239,"UGA","Uganda",13,"Kabarole",40,"Bunyangabu",224,"Buhesi",NA,"","Sub-county","Sub-county","","Buheesi"
225,239,"UGA","Uganda",13,"Kabarole",40,"Bunyangabu",225,"Kibiito",NA,"","Sub-county","Sub-county","",""
226,239,"UGA","Uganda",13,"Kabarole",40,"Bunyangabu",226,"Kisomoro",NA,"","Sub-county","Sub-county","",""
227,239,"UGA","Uganda",13,"Kabarole",40,"Bunyangabu",227,"Rwiimi",NA,"","Sub-county","Sub-county","",""
228,239,"UGA","Uganda",13,"Kabarole",41,"Burahya",228,"Bukuku",NA,"","Sub-county","Sub-county","",""
229,239,"UGA","Uganda",13,"Kabarole",41,"Burahya",229,"Busoro",NA,"","Sub-county","Sub-county","",""
230,239,"UGA","Uganda",13,"Kabarole",41,"Burahya",230,"Hakibaale",NA,"","Sub-county","Sub-county","",""
231,239,"UGA","Uganda",13,"Kabarole",41,"Burahya",231,"Karambi",NA,"","Sub-county","Sub-county","",""
232,239,"UGA","Uganda",13,"Kabarole",41,"Burahya",232,"Kichwamba",NA,"","Sub-county","Sub-county","","Kicwamba"
233,239,"UGA","Uganda",13,"Kabarole",41,"Burahya",233,"Mugusu",NA,"","Sub-county","Sub-county","",""
234,239,"UGA","Uganda",13,"Kabarole",41,"Burahya",234,"Ruteete",NA,"","Sub-county","Sub-county","",""
235,239,"UGA","Uganda",13,"Kabarole",41,"Burahya",235,"Rwiimi",NA,"","Sub-county","Sub-county","",""
236,239,"UGA","Uganda",13,"Kabarole",42,"Fort Portal",236,"Eastern",NA,"","Sub-county","Sub-county","",""
237,239,"UGA","Uganda",13,"Kabarole",42,"Fort Portal",237,"Southern",NA,"","Sub-county","Sub-county","",""
238,239,"UGA","Uganda",13,"Kabarole",42,"Fort Portal",238,"Western",NA,"","Sub-county","Sub-county","",""
239,239,"UGA","Uganda",14,"Kaberamaido",43,"Kaberamaido",239,"Alwa",NA,"","Sub-county","Sub-county","",""
240,239,"UGA","Uganda",14,"Kaberamaido",43,"Kaberamaido",240,"Kaberamaido Tc",NA,"","Sub-county","Sub-county","",""
241,239,"UGA","Uganda",14,"Kaberamaido",43,"Kaberamaido",241,"Kaberamaido",NA,"","Sub-county","Sub-county","",""
242,239,"UGA","Uganda",14,"Kaberamaido",43,"Kaberamaido",242,"Kobulubulu",NA,"","Sub-county","Sub-county","",""
243,239,"UGA","Uganda",14,"Kaberamaido",43,"Kaberamaido",243,"Ochero",NA,"","Sub-county","Sub-county","",""
244,239,"UGA","Uganda",14,"Kaberamaido",44,"Kalaki",244,"Anyara",NA,"","Sub-county","Sub-county","",""
245,239,"UGA","Uganda",14,"Kaberamaido",44,"Kalaki",245,"Bululu",NA,"","Sub-county","Sub-county","",""
246,239,"UGA","Uganda",14,"Kaberamaido",44,"Kalaki",246,"Kalaki",NA,"","Sub-county","Sub-county","",""
247,239,"UGA","Uganda",14,"Kaberamaido",44,"Kalaki",247,"Otuboi",NA,"","Sub-county","Sub-county","",""
248,239,"UGA","Uganda",15,"Kalangala",45,"Bujumba",248,"Bujumba",NA,"","Sub-county","Sub-county","",""
249,239,"UGA","Uganda",15,"Kalangala",45,"Bujumba",249,"Kalangala Tc",NA,"","Sub-county","Sub-county","",""
250,239,"UGA","Uganda",15,"Kalangala",45,"Bujumba",250,"Mugoye",NA,"","Sub-county","Sub-county","",""
251,239,"UGA","Uganda",15,"Kalangala",46,"Kyamuswa",251,"Bubeke",NA,"","Sub-county","Sub-county","",""
252,239,"UGA","Uganda",15,"Kalangala",46,"Kyamuswa",252,"Bufumira",NA,"","Sub-county","Sub-county","",""
253,239,"UGA","Uganda",15,"Kalangala",46,"Kyamuswa",253,"Kyamuswa",NA,"","Sub-county","Sub-county","",""
254,239,"UGA","Uganda",15,"Kalangala",46,"Kyamuswa",254,"Mazinga",NA,"","Sub-county","Sub-county","",""
255,239,"UGA","Uganda",16,"Kampala",47,"Kampala",255,"Central Division",NA,"","Sub-county","Sub-county","",""
256,239,"UGA","Uganda",16,"Kampala",47,"Kampala",256,"Kawempe Division",NA,"","Sub-county","Sub-county","",""
257,239,"UGA","Uganda",16,"Kampala",47,"Kampala",257,"Makindye",NA,"","Sub-county","Sub-county","","Makindye Division"
258,239,"UGA","Uganda",16,"Kampala",47,"Kampala",258,"Nakawa Division",NA,"","Sub-county","Sub-county","",""
259,239,"UGA","Uganda",16,"Kampala",47,"Kampala",259,"Rubaga Division",NA,"","Sub-county","Sub-county","",""
260,239,"UGA","Uganda",17,"Kamuli",48,"Budiope",260,"Bugaya",NA,"","Sub-county","Sub-county","",""
261,239,"UGA","Uganda",17,"Kamuli",48,"Budiope",261,"Buyende",NA,"","Sub-county","Sub-county","",""
262,239,"UGA","Uganda",17,"Kamuli",48,"Budiope",262,"Kagulu",NA,"","Sub-county","Sub-county","",""
263,239,"UGA","Uganda",17,"Kamuli",48,"Budiope",263,"Kidera",NA,"","Sub-county","Sub-county","",""
264,239,"UGA","Uganda",17,"Kamuli",48,"Budiope",264,"Nkondo",NA,"","Sub-county","Sub-county","",""
265,239,"UGA","Uganda",17,"Kamuli",49,"Bugabula",265,"Balawoli",NA,"","Sub-county","Sub-county","",""
266,239,"UGA","Uganda",17,"Kamuli",49,"Bugabula",266,"Bulopa",NA,"","Sub-county","Sub-county","",""
267,239,"UGA","Uganda",17,"Kamuli",49,"Bugabula",267,"Butansi",NA,"","Sub-county","Sub-county","",""
268,239,"UGA","Uganda",17,"Kamuli",49,"Bugabula",268,"Kamuli Tc",NA,"","Sub-county","Sub-county","",""
269,239,"UGA","Uganda",17,"Kamuli",49,"Bugabula",269,"Kitayunjwa",NA,"","Sub-county","Sub-county","",""
270,239,"UGA","Uganda",17,"Kamuli",49,"Bugabula",270,"Nabwigulu",NA,"","Sub-county","Sub-county","",""
271,239,"UGA","Uganda",17,"Kamuli",49,"Bugabula",271,"Namasagali",NA,"","Sub-county","Sub-county","",""
272,239,"UGA","Uganda",17,"Kamuli",49,"Bugabula",272,"Namwendwa",NA,"","Sub-county","Sub-county","",""
273,239,"UGA","Uganda",17,"Kamuli",50,"Bulamogi",273,"Bumanya",NA,"","Sub-county","Sub-county","",""
274,239,"UGA","Uganda",17,"Kamuli",50,"Bulamogi",274,"Gadumire",NA,"","Sub-county","Sub-county","",""
275,239,"UGA","Uganda",17,"Kamuli",50,"Bulamogi",275,"Namugongo",NA,"","Sub-county","Sub-county","",""
276,239,"UGA","Uganda",17,"Kamuli",50,"Bulamogi",276,"Namwiwa",NA,"","Sub-county","Sub-county","",""
277,239,"UGA","Uganda",17,"Kamuli",50,"Bulamogi",277,"Nawaikoke",NA,"","Sub-county","Sub-county","",""
278,239,"UGA","Uganda",17,"Kamuli",51,"Buzaaya",278,"Bugulumbya",NA,"","Sub-county","Sub-county","",""
279,239,"UGA","Uganda",17,"Kamuli",51,"Buzaaya",279,"Kisozi",NA,"","Sub-county","Sub-county","",""
280,239,"UGA","Uganda",17,"Kamuli",51,"Buzaaya",280,"Mbulamuti",NA,"","Sub-county","Sub-county","",""
281,239,"UGA","Uganda",17,"Kamuli",51,"Buzaaya",281,"Nawanyago",NA,"","Sub-county","Sub-county","",""
282,239,"UGA","Uganda",17,"Kamuli",51,"Buzaaya",282,"Wankole",NA,"","Sub-county","Sub-county","",""
283,239,"UGA","Uganda",18,"Kamwenge",52,"Kibale",283,"Bwiizi",NA,"","Sub-county","Sub-county","",""
284,239,"UGA","Uganda",18,"Kamwenge",52,"Kibale",284,"Kahunge",NA,"","Sub-county","Sub-county","",""
285,239,"UGA","Uganda",18,"Kamwenge",52,"Kibale",285,"Kamwenge Tc",NA,"","Sub-county","Sub-county","",""
286,239,"UGA","Uganda",18,"Kamwenge",52,"Kibale",286,"Kamwenge",NA,"","Sub-county","Sub-county","",""
287,239,"UGA","Uganda",18,"Kamwenge",52,"Kibale",287,"Nkoma",NA,"","Sub-county","Sub-county","",""
288,239,"UGA","Uganda",18,"Kamwenge",53,"Kitagwenda",288,"Kacheche",NA,"","Sub-county","Sub-county","",""
289,239,"UGA","Uganda",18,"Kamwenge",53,"Kitagwenda",289,"Mahyoro",NA,"","Sub-county","Sub-county","",""
290,239,"UGA","Uganda",18,"Kamwenge",53,"Kitagwenda",290,"Ntara",NA,"","Sub-county","Sub-county","",""
291,239,"UGA","Uganda",18,"Kamwenge",53,"Kitagwenda",291,"Nyabbani",NA,"","Sub-county","Sub-county","",""
292,239,"UGA","Uganda",19,"Kanungu",54,"Kinkiizi",292,"Kambuga",NA,"","Sub-county","Sub-county","",""
293,239,"UGA","Uganda",19,"Kanungu",54,"Kinkiizi",293,"Kanungu Tc",NA,"","Sub-county","Sub-county","",""
294,239,"UGA","Uganda",19,"Kanungu",54,"Kinkiizi",294,"Kanyantorogo",NA,"","Sub-county","Sub-county","",""
295,239,"UGA","Uganda",19,"Kanungu",54,"Kinkiizi",295,"Kayonza",NA,"","Sub-county","Sub-county","",""
296,239,"UGA","Uganda",19,"Kanungu",54,"Kinkiizi",296,"Kihiihi",NA,"","Sub-county","Sub-county","",""
297,239,"UGA","Uganda",19,"Kanungu",54,"Kinkiizi",297,"Kirima",NA,"","Sub-county","Sub-county","",""
298,239,"UGA","Uganda",19,"Kanungu",54,"Kinkiizi",298,"Mpungu",NA,"","Sub-county","Sub-county","",""
299,239,"UGA","Uganda",19,"Kanungu",54,"Kinkiizi",299,"Nyamirama",NA,"","Sub-county","Sub-county","",""
300,239,"UGA","Uganda",19,"Kanungu",54,"Kinkiizi",300,"Rugyeyo",NA,"","Sub-county","Sub-county","",""
301,239,"UGA","Uganda",19,"Kanungu",54,"Kinkiizi",301,"Rutenga",NA,"","Sub-county","Sub-county","",""
302,239,"UGA","Uganda",20,"Kapchorwa",55,"Kongasis",302,"Bukwa",NA,"","Sub-county","Sub-county","",""
303,239,"UGA","Uganda",20,"Kapchorwa",55,"Kongasis",303,"Chesower",NA,"","Sub-county","Sub-county","",""
304,239,"UGA","Uganda",20,"Kapchorwa",55,"Kongasis",304,"Kabei",NA,"","Sub-county","Sub-county","",""
305,239,"UGA","Uganda",20,"Kapchorwa",55,"Kongasis",305,"Suam",NA,"","Sub-county","Sub-county","",""
306,239,"UGA","Uganda",20,"Kapchorwa",56,"Kween",306,"Benet",NA,"","Sub-county","Sub-county","",""
307,239,"UGA","Uganda",20,"Kapchorwa",56,"Kween",307,"Binyiny",NA,"","Sub-county","Sub-county","",""
308,239,"UGA","Uganda",20,"Kapchorwa",56,"Kween",308,"Kaproron",NA,"","Sub-county","Sub-county","",""
309,239,"UGA","Uganda",20,"Kapchorwa",56,"Kween",309,"Kwanyiny",NA,"","Sub-county","Sub-county","",""
310,239,"UGA","Uganda",20,"Kapchorwa",56,"Kween",310,"Ngenge",NA,"","Sub-county","Sub-county","",""
311,239,"UGA","Uganda",20,"Kapchorwa",57,"Tingey",311,"Chema",NA,"","Sub-county","Sub-county","",""
312,239,"UGA","Uganda",20,"Kapchorwa",57,"Tingey",312,"Kapchorwa Tc",NA,"","Sub-county","Sub-county","",""
313,239,"UGA","Uganda",20,"Kapchorwa",57,"Tingey",313,"Kaptanya",NA,"","Sub-county","Sub-county","",""
314,239,"UGA","Uganda",20,"Kapchorwa",57,"Tingey",314,"Kaserem",NA,"","Sub-county","Sub-county","",""
315,239,"UGA","Uganda",20,"Kapchorwa",57,"Tingey",315,"Kawowo",NA,"","Sub-county","Sub-county","",""
316,239,"UGA","Uganda",20,"Kapchorwa",57,"Tingey",316,"Sipi",NA,"","Sub-county","Sub-county","",""
317,239,"UGA","Uganda",20,"Kapchorwa",57,"Tingey",317,"Tegeres",NA,"","Sub-county","Sub-county","",""
318,239,"UGA","Uganda",21,"Kasese",58,"Bukonjo",318,"Bwera",NA,"","Sub-county","Sub-county","",""
319,239,"UGA","Uganda",21,"Kasese",58,"Bukonjo",319,"Ihandiro",NA,"","Sub-county","Sub-county","",""
320,239,"UGA","Uganda",21,"Kasese",58,"Bukonjo",320,"Karambi",NA,"","Sub-county","Sub-county","",""
321,239,"UGA","Uganda",21,"Kasese",58,"Bukonjo",321,"Kilembe",NA,"","Sub-county","Sub-county","",""
322,239,"UGA","Uganda",21,"Kasese",58,"Bukonjo",322,"Kisinga",NA,"","Sub-county","Sub-county","",""
323,239,"UGA","Uganda",21,"Kasese",58,"Bukonjo",323,"Kitholhu",NA,"","Sub-county","Sub-county","",""
324,239,"UGA","Uganda",21,"Kasese",58,"Bukonjo",324,"Kyarumba",NA,"","Sub-county","Sub-county","",""
325,239,"UGA","Uganda",21,"Kasese",58,"Bukonjo",325,"Kyondo",NA,"","Sub-county","Sub-county","",""
326,239,"UGA","Uganda",21,"Kasese",58,"Bukonjo",326,"Mahango",NA,"","Sub-county","Sub-county","",""
327,239,"UGA","Uganda",21,"Kasese",58,"Bukonjo",327,"Munkunyu",NA,"","Sub-county","Sub-county","",""
328,239,"UGA","Uganda",21,"Kasese",58,"Bukonjo",328,"Nyakiyumbu",NA,"","Sub-county","Sub-county","",""
329,239,"UGA","Uganda",21,"Kasese",59,"Busongora",329,"Bugoye",NA,"","Sub-county","Sub-county","",""
330,239,"UGA","Uganda",21,"Kasese",59,"Busongora",330,"Karusandara",NA,"","Sub-county","Sub-county","",""
331,239,"UGA","Uganda",21,"Kasese",59,"Busongora",331,"Kasese Tc",NA,"","Sub-county","Sub-county","",""
332,239,"UGA","Uganda",21,"Kasese",59,"Busongora",332,"Katwe Kabatoro",NA,"","Sub-county","Sub-county","",""
333,239,"UGA","Uganda",21,"Kasese",59,"Busongora",333,"Kilembe",NA,"","Sub-county","Sub-county","",""
334,239,"UGA","Uganda",21,"Kasese",59,"Busongora",334,"Kitswamba",NA,"","Sub-county","Sub-county","",""
335,239,"UGA","Uganda",21,"Kasese",59,"Busongora",335,"Kyabarungira",NA,"","Sub-county","Sub-county","",""
336,239,"UGA","Uganda",21,"Kasese",59,"Busongora",336,"L.Katwe",NA,"","Sub-county","Sub-county","",""
337,239,"UGA","Uganda",21,"Kasese",59,"Busongora",337,"Maliba",NA,"","Sub-county","Sub-county","",""
338,239,"UGA","Uganda",21,"Kasese",59,"Busongora",338,"Muhokya",NA,"","Sub-county","Sub-county","",""
339,239,"UGA","Uganda",21,"Kasese",59,"Busongora",339,"Rukoki",NA,"","Sub-county","Sub-county","",""
340,239,"UGA","Uganda",22,"Katakwi",60,"Amuria",340,"Abarilela",NA,"","Sub-county","Sub-county","",""
341,239,"UGA","Uganda",22,"Katakwi",60,"Amuria",341,"Asamuk",NA,"","Sub-county","Sub-county","",""
342,239,"UGA","Uganda",22,"Katakwi",60,"Amuria",342,"Kuju",NA,"","Sub-county","Sub-county","",""
343,239,"UGA","Uganda",22,"Katakwi",60,"Amuria",343,"Morungatuny",NA,"","Sub-county","Sub-county","",""
344,239,"UGA","Uganda",22,"Katakwi",60,"Amuria",344,"Orungo",NA,"","Sub-county","Sub-county","",""
345,239,"UGA","Uganda",22,"Katakwi",60,"Amuria",345,"Wera",NA,"","Sub-county","Sub-county","",""
346,239,"UGA","Uganda",22,"Katakwi",61,"Kapelebyong",346,"Achowa",NA,"","Sub-county","Sub-county","","Acowa"
347,239,"UGA","Uganda",22,"Katakwi",61,"Kapelebyong",347,"Kapelebyong",NA,"","Sub-county","Sub-county","",""
348,239,"UGA","Uganda",22,"Katakwi",61,"Kapelebyong",348,"Obalanga",NA,"","Sub-county","Sub-county","",""
349,239,"UGA","Uganda",22,"Katakwi",62,"Usuk",349,"Kapujan",NA,"","Sub-county","Sub-county","",""
350,239,"UGA","Uganda",22,"Katakwi",62,"Usuk",350,"Katakwi Tc",NA,"","Sub-county","Sub-county","",""
351,239,"UGA","Uganda",22,"Katakwi",62,"Usuk",351,"Katakwi",NA,"","Sub-county","Sub-county","",""
352,239,"UGA","Uganda",22,"Katakwi",62,"Usuk",352,"Magoro",NA,"","Sub-county","Sub-county","",""
353,239,"UGA","Uganda",22,"Katakwi",62,"Usuk",353,"Ngariam",NA,"","Sub-county","Sub-county","",""
354,239,"UGA","Uganda",22,"Katakwi",62,"Usuk",354,"Omodoi",NA,"","Sub-county","Sub-county","",""
355,239,"UGA","Uganda",22,"Katakwi",62,"Usuk",355,"Ongongoja",NA,"","Sub-county","Sub-county","",""
356,239,"UGA","Uganda",22,"Katakwi",62,"Usuk",356,"Toroma",NA,"","Sub-county","Sub-county","",""
357,239,"UGA","Uganda",22,"Katakwi",62,"Usuk",357,"Usuk",NA,"","Sub-county","Sub-county","",""
358,239,"UGA","Uganda",23,"Kayunga",63,"Bbaale",358,"Bbaale",NA,"","Sub-county","Sub-county","",""
359,239,"UGA","Uganda",23,"Kayunga",63,"Bbaale",359,"Galiraya",NA,"","Sub-county","Sub-county","","Galiraaya"
360,239,"UGA","Uganda",23,"Kayunga",63,"Bbaale",360,"Kayonza",NA,"","Sub-county","Sub-county","",""
361,239,"UGA","Uganda",23,"Kayunga",63,"Bbaale",361,"Wabwoko-Kitimbwa",NA,"","Sub-county","Sub-county","",""
362,239,"UGA","Uganda",23,"Kayunga",64,"Ntenjeru",362,"Busana",NA,"","Sub-county","Sub-county","",""
363,239,"UGA","Uganda",23,"Kayunga",64,"Ntenjeru",363,"Kangulumira",NA,"","Sub-county","Sub-county","",""
364,239,"UGA","Uganda",23,"Kayunga",64,"Ntenjeru",364,"Kayunga Tc",NA,"","Sub-county","Sub-county","",""
365,239,"UGA","Uganda",23,"Kayunga",64,"Ntenjeru",365,"Kayunga",NA,"","Sub-county","Sub-county","",""
366,239,"UGA","Uganda",23,"Kayunga",64,"Ntenjeru",366,"Nazigo",NA,"","Sub-county","Sub-county","",""
367,239,"UGA","Uganda",24,"Kibale",65,"Bugangaizi",367,"Bwanswa",NA,"","Sub-county","Sub-county","",""
368,239,"UGA","Uganda",24,"Kibale",65,"Bugangaizi",368,"Kakindo",NA,"","Sub-county","Sub-county","",""
369,239,"UGA","Uganda",24,"Kibale",65,"Bugangaizi",369,"Kasambya",NA,"","Sub-county","Sub-county","",""
370,239,"UGA","Uganda",24,"Kibale",65,"Bugangaizi",370,"Kisiita",NA,"","Sub-county","Sub-county","",""
371,239,"UGA","Uganda",24,"Kibale",65,"Bugangaizi",371,"Nalweyo",NA,"","Sub-county","Sub-county","",""
372,239,"UGA","Uganda",24,"Kibale",65,"Bugangaizi",372,"Nkooko",NA,"","Sub-county","Sub-county","",""
373,239,"UGA","Uganda",24,"Kibale",66,"Buyaga",373,"Bwamiramira",NA,"","Sub-county","Sub-county","",""
374,239,"UGA","Uganda",24,"Kibale",66,"Buyaga",374,"Bwikara",NA,"","Sub-county","Sub-county","",""
375,239,"UGA","Uganda",24,"Kibale",66,"Buyaga",375,"Kagadi",NA,"","Sub-county","Sub-county","",""
376,239,"UGA","Uganda",24,"Kibale",66,"Buyaga",376,"Kibaale Tc",NA,"","Sub-county","Sub-county","",""
377,239,"UGA","Uganda",24,"Kibale",66,"Buyaga",377,"Kiryanga",NA,"","Sub-county","Sub-county","",""
378,239,"UGA","Uganda",24,"Kibale",66,"Buyaga",378,"Kyanaisoke",NA,"","Sub-county","Sub-county","",""
379,239,"UGA","Uganda",24,"Kibale",66,"Buyaga",379,"Kyebando",NA,"","Sub-county","Sub-county","",""
380,239,"UGA","Uganda",24,"Kibale",66,"Buyaga",380,"Mabaale",NA,"","Sub-county","Sub-county","",""
381,239,"UGA","Uganda",24,"Kibale",66,"Buyaga",381,"Matale",NA,"","Sub-county","Sub-county","",""
382,239,"UGA","Uganda",24,"Kibale",66,"Buyaga",382,"Mpeefu",NA,"","Sub-county","Sub-county","",""
383,239,"UGA","Uganda",24,"Kibale",66,"Buyaga",383,"Mugarama",NA,"","Sub-county","Sub-county","",""
384,239,"UGA","Uganda",24,"Kibale",66,"Buyaga",384,"Muhoro",NA,"","Sub-county","Sub-county","",""
385,239,"UGA","Uganda",24,"Kibale",66,"Buyaga",385,"Rugashari",NA,"","Sub-county","Sub-county","",""
386,239,"UGA","Uganda",25,"Kiboga",67,"Kiboga",386,"Bukomero",NA,"","Sub-county","Sub-county","",""
387,239,"UGA","Uganda",25,"Kiboga",67,"Kiboga",387,"Butemba",NA,"","Sub-county","Sub-county","",""
388,239,"UGA","Uganda",25,"Kiboga",67,"Kiboga",388,"Dwaniro",NA,"","Sub-county","Sub-county","",""
389,239,"UGA","Uganda",25,"Kiboga",67,"Kiboga",389,"Gayaza",NA,"","Sub-county","Sub-county","",""
390,239,"UGA","Uganda",25,"Kiboga",67,"Kiboga",390,"Kapeke",NA,"","Sub-county","Sub-county","",""
391,239,"UGA","Uganda",25,"Kiboga",67,"Kiboga",391,"Kibiga",NA,"","Sub-county","Sub-county","",""
392,239,"UGA","Uganda",25,"Kiboga",67,"Kiboga",392,"Kiboga Tc",NA,"","Sub-county","Sub-county","",""
393,239,"UGA","Uganda",25,"Kiboga",67,"Kiboga",393,"Kyankwanzi",NA,"","Sub-county","Sub-county","",""
394,239,"UGA","Uganda",25,"Kiboga",67,"Kiboga",394,"Lwamata",NA,"","Sub-county","Sub-county","",""
395,239,"UGA","Uganda",25,"Kiboga",67,"Kiboga",395,"Mulagi",NA,"","Sub-county","Sub-county","",""
396,239,"UGA","Uganda",25,"Kiboga",67,"Kiboga",396,"Muwanga",NA,"","Sub-county","Sub-county","",""
397,239,"UGA","Uganda",25,"Kiboga",67,"Kiboga",397,"Nsambya",NA,"","Sub-county","Sub-county","",""
398,239,"UGA","Uganda",25,"Kiboga",67,"Kiboga",398,"Ntwetwe",NA,"","Sub-county","Sub-county","",""
399,239,"UGA","Uganda",25,"Kiboga",67,"Kiboga",399,"Wattuba",NA,"","Sub-county","Sub-county","",""
400,239,"UGA","Uganda",26,"Kisoro",68,"Kisoro",400,"Bukimbiri",NA,"","Sub-county","Sub-county","",""
401,239,"UGA","Uganda",26,"Kisoro",68,"Kisoro",401,"Busanza",NA,"","Sub-county","Sub-county","",""
402,239,"UGA","Uganda",26,"Kisoro",68,"Kisoro",402,"Chahi",NA,"","Sub-county","Sub-county","",""
403,239,"UGA","Uganda",26,"Kisoro",68,"Kisoro",403,"Kanaba",NA,"","Sub-county","Sub-county","",""
404,239,"UGA","Uganda",26,"Kisoro",68,"Kisoro",404,"Kirundo",NA,"","Sub-county","Sub-county","",""
405,239,"UGA","Uganda",26,"Kisoro",68,"Kisoro",405,"Kisoro Tc",NA,"","Sub-county","Sub-county","",""
406,239,"UGA","Uganda",26,"Kisoro",68,"Kisoro",406,"Muramba",NA,"","Sub-county","Sub-county","",""
407,239,"UGA","Uganda",26,"Kisoro",68,"Kisoro",407,"Murora",NA,"","Sub-county","Sub-county","",""
408,239,"UGA","Uganda",26,"Kisoro",68,"Kisoro",408,"Nyabwishenya",NA,"","Sub-county","Sub-county","",""
409,239,"UGA","Uganda",26,"Kisoro",68,"Kisoro",409,"Nyakabande",NA,"","Sub-county","Sub-county","",""
410,239,"UGA","Uganda",26,"Kisoro",68,"Kisoro",410,"Nyakinama",NA,"","Sub-county","Sub-county","",""
411,239,"UGA","Uganda",26,"Kisoro",68,"Kisoro",411,"Nyarubuye",NA,"","Sub-county","Sub-county","",""
412,239,"UGA","Uganda",26,"Kisoro",68,"Kisoro",412,"Nyarusiza",NA,"","Sub-county","Sub-county","",""
413,239,"UGA","Uganda",26,"Kisoro",68,"Kisoro",413,"Nyundo",NA,"","Sub-county","Sub-county","",""
414,239,"UGA","Uganda",27,"Kitgum",69,"Chua",414,"Kitgum Tc",NA,"","Sub-county","Sub-county","",""
415,239,"UGA","Uganda",27,"Kitgum",69,"Chua",415,"Kitigum Matidi",NA,"","Sub-county","Sub-county","",""
416,239,"UGA","Uganda",27,"Kitgum",69,"Chua",416,"Labongo Akwang",NA,"","Sub-county","Sub-county","",""
417,239,"UGA","Uganda",27,"Kitgum",69,"Chua",417,"Labongo Amida",NA,"","Sub-county","Sub-county","",""
418,239,"UGA","Uganda",27,"Kitgum",69,"Chua",418,"Labongo Layamo",NA,"","Sub-county","Sub-county","",""
419,239,"UGA","Uganda",27,"Kitgum",69,"Chua",419,"Lagoro",NA,"","Sub-county","Sub-county","",""
420,239,"UGA","Uganda",27,"Kitgum",69,"Chua",420,"Mucwini",NA,"","Sub-county","Sub-county","",""
421,239,"UGA","Uganda",27,"Kitgum",69,"Chua",421,"Namokora",NA,"","Sub-county","Sub-county","",""
422,239,"UGA","Uganda",27,"Kitgum",69,"Chua",422,"Omiya Anyima",NA,"","Sub-county","Sub-county","",""
423,239,"UGA","Uganda",27,"Kitgum",69,"Chua",423,"Orom",NA,"","Sub-county","Sub-county","",""
424,239,"UGA","Uganda",27,"Kitgum",70,"Lamwo",424,"Agoro",NA,"","Sub-county","Sub-county","",""
425,239,"UGA","Uganda",27,"Kitgum",70,"Lamwo",425,"Lokung",NA,"","Sub-county","Sub-county","",""
426,239,"UGA","Uganda",27,"Kitgum",70,"Lamwo",426,"Madi-Opei",NA,"","Sub-county","Sub-county","","Madi Opei"
427,239,"UGA","Uganda",27,"Kitgum",70,"Lamwo",427,"Padibe East",NA,"","Sub-county","Sub-county","",""
428,239,"UGA","Uganda",27,"Kitgum",70,"Lamwo",428,"Padibe West",NA,"","Sub-county","Sub-county","",""
429,239,"UGA","Uganda",27,"Kitgum",70,"Lamwo",429,"Palabek Gem",NA,"","Sub-county","Sub-county","",""
430,239,"UGA","Uganda",27,"Kitgum",70,"Lamwo",430,"Palabek Kal",NA,"","Sub-county","Sub-county","",""
431,239,"UGA","Uganda",27,"Kitgum",70,"Lamwo",431,"Paloga",NA,"","Sub-county","Sub-county","",""
432,239,"UGA","Uganda",27,"Kitgum",70,"Lamwo",432,"Parabek Ogili",NA,"","Sub-county","Sub-county","",""
433,239,"UGA","Uganda",28,"Kotido",71,"Dodoth",433,"Kaabong T.C.",NA,"","Sub-county","Sub-county","",""
434,239,"UGA","Uganda",28,"Kotido",71,"Dodoth",434,"Kaabong",NA,"","Sub-county","Sub-county","",""
435,239,"UGA","Uganda",28,"Kotido",71,"Dodoth",435,"Kalapata",NA,"","Sub-county","Sub-county","",""
436,239,"UGA","Uganda",28,"Kotido",71,"Dodoth",436,"Kapedo",NA,"","Sub-county","Sub-county","",""
437,239,"UGA","Uganda",28,"Kotido",71,"Dodoth",437,"Karenga",NA,"","Sub-county","Sub-county","",""
438,239,"UGA","Uganda",28,"Kotido",71,"Dodoth",438,"Kathile",NA,"","Sub-county","Sub-county","",""
439,239,"UGA","Uganda",28,"Kotido",71,"Dodoth",439,"Lolelia",NA,"","Sub-county","Sub-county","",""
440,239,"UGA","Uganda",28,"Kotido",71,"Dodoth",440,"Loyoro",NA,"","Sub-county","Sub-county","",""
441,239,"UGA","Uganda",28,"Kotido",71,"Dodoth",441,"Sidok",NA,"","Sub-county","Sub-county","",""
442,239,"UGA","Uganda",28,"Kotido",72,"Jie",442,"Kacheri",NA,"","Sub-county","Sub-county","",""
443,239,"UGA","Uganda",28,"Kotido",72,"Jie",443,"Kotido T.C.",NA,"","Sub-county","Sub-county","",""
444,239,"UGA","Uganda",28,"Kotido",72,"Jie",444,"Kotido",NA,"","Sub-county","Sub-county","",""
445,239,"UGA","Uganda",28,"Kotido",72,"Jie",445,"Nakaperimoru",NA,"","Sub-county","Sub-county","","Nakapelimoru"
446,239,"UGA","Uganda",28,"Kotido",72,"Jie",446,"Panyangara",NA,"","Sub-county","Sub-county","",""
447,239,"UGA","Uganda",28,"Kotido",72,"Jie",447,"Rengen",NA,"","Sub-county","Sub-county","",""
448,239,"UGA","Uganda",28,"Kotido",73,"Labwor",448,"Abim",NA,"","Sub-county","Sub-county","",""
449,239,"UGA","Uganda",28,"Kotido",73,"Labwor",449,"Alerek",NA,"","Sub-county","Sub-county","",""
450,239,"UGA","Uganda",28,"Kotido",73,"Labwor",450,"Lotukei",NA,"","Sub-county","Sub-county","",""
451,239,"UGA","Uganda",28,"Kotido",73,"Labwor",451,"Morulem",NA,"","Sub-county","Sub-county","",""
452,239,"UGA","Uganda",28,"Kotido",73,"Labwor",452,"Nyakwae",NA,"","Sub-county","Sub-county","",""
453,239,"UGA","Uganda",29,"Kumi",74,"Bukedea",453,"Bukedea",NA,"","Sub-county","Sub-county","",""
454,239,"UGA","Uganda",29,"Kumi",74,"Bukedea",454,"Kachumbala",NA,"","Sub-county","Sub-county","",""
455,239,"UGA","Uganda",29,"Kumi",74,"Bukedea",455,"Kidongole",NA,"","Sub-county","Sub-county","",""
456,239,"UGA","Uganda",29,"Kumi",74,"Bukedea",456,"Kolir",NA,"","Sub-county","Sub-county","",""
457,239,"UGA","Uganda",29,"Kumi",74,"Bukedea",457,"Malera",NA,"","Sub-county","Sub-county","",""
458,239,"UGA","Uganda",29,"Kumi",75,"Kumi",458,"Atutur",NA,"","Sub-county","Sub-county","",""
459,239,"UGA","Uganda",29,"Kumi",75,"Kumi",459,"Kanyum",NA,"","Sub-county","Sub-county","",""
460,239,"UGA","Uganda",29,"Kumi",75,"Kumi",460,"Kumi Tc",NA,"","Sub-county","Sub-county","",""
461,239,"UGA","Uganda",29,"Kumi",75,"Kumi",461,"Kumi",NA,"","Sub-county","Sub-county","",""
462,239,"UGA","Uganda",29,"Kumi",75,"Kumi",462,"Mukongoro",NA,"","Sub-county","Sub-county","",""
463,239,"UGA","Uganda",29,"Kumi",75,"Kumi",463,"Nyero",NA,"","Sub-county","Sub-county","",""
464,239,"UGA","Uganda",29,"Kumi",75,"Kumi",464,"Ongino",NA,"","Sub-county","Sub-county","",""
465,239,"UGA","Uganda",29,"Kumi",76,"Ngora",465,"Kapir",NA,"","Sub-county","Sub-county","",""
466,239,"UGA","Uganda",29,"Kumi",76,"Ngora",466,"Kobwin",NA,"","Sub-county","Sub-county","",""
467,239,"UGA","Uganda",29,"Kumi",76,"Ngora",467,"Mukura",NA,"","Sub-county","Sub-county","",""
468,239,"UGA","Uganda",29,"Kumi",76,"Ngora",468,"Ngora",NA,"","Sub-county","Sub-county","",""
469,239,"UGA","Uganda",30,"Kyenjojo",77,"Kyaka",469,"Hapuyo",NA,"","Sub-county","Sub-county","",""
470,239,"UGA","Uganda",30,"Kyenjojo",77,"Kyaka",470,"Kakabara",NA,"","Sub-county","Sub-county","",""
471,239,"UGA","Uganda",30,"Kyenjojo",77,"Kyaka",471,"Kasule",NA,"","Sub-county","Sub-county","",""
472,239,"UGA","Uganda",30,"Kyenjojo",77,"Kyaka",472,"Kyegegwa",NA,"","Sub-county","Sub-county","",""
473,239,"UGA","Uganda",30,"Kyenjojo",77,"Kyaka",473,"Mpara",NA,"","Sub-county","Sub-county","",""
474,239,"UGA","Uganda",30,"Kyenjojo",78,"Mwenge",474,"Bufunjo",NA,"","Sub-county","Sub-county","",""
475,239,"UGA","Uganda",30,"Kyenjojo",78,"Mwenge",475,"Bugaki",NA,"","Sub-county","Sub-county","","Bugaaki"
476,239,"UGA","Uganda",30,"Kyenjojo",78,"Mwenge",476,"Butiiti",NA,"","Sub-county","Sub-county","",""
477,239,"UGA","Uganda",30,"Kyenjojo",78,"Mwenge",477,"Katooke",NA,"","Sub-county","Sub-county","",""
478,239,"UGA","Uganda",30,"Kyenjojo",78,"Mwenge",478,"Kihuura",NA,"","Sub-county","Sub-county","",""
479,239,"UGA","Uganda",30,"Kyenjojo",78,"Mwenge",479,"Kyarusozi",NA,"","Sub-county","Sub-county","",""
480,239,"UGA","Uganda",30,"Kyenjojo",78,"Mwenge",480,"Kyenjojo  Tc",NA,"","Sub-county","Sub-county","",""
481,239,"UGA","Uganda",30,"Kyenjojo",78,"Mwenge",481,"Nyankwanzi",NA,"","Sub-county","Sub-county","",""
482,239,"UGA","Uganda",30,"Kyenjojo",78,"Mwenge",482,"Nyantungo",NA,"","Sub-county","Sub-county","",""
483,239,"UGA","Uganda",31,"Lake Albert",79,"Lake Albert",483,"Lake Albert",NA,"","Water body","Water body","",""
484,239,"UGA","Uganda",32,"Lake Victoria",80,"Lake Victoria",484,"Lake Victoria",NA,"","Water body","Water body","",""
485,239,"UGA","Uganda",33,"Lira",81,"Dokolo",485,"Agwata",NA,"","Sub-county","Sub-county","",""
486,239,"UGA","Uganda",33,"Lira",81,"Dokolo",486,"Bata",NA,"","Sub-county","Sub-county","","Batta"
487,239,"UGA","Uganda",33,"Lira",81,"Dokolo",487,"Dokolo",NA,"","Sub-county","Sub-county","",""
488,239,"UGA","Uganda",33,"Lira",81,"Dokolo",488,"Kangai",NA,"","Sub-county","Sub-county","",""
489,239,"UGA","Uganda",33,"Lira",81,"Dokolo",489,"Kwera",NA,"","Sub-county","Sub-county","",""
490,239,"UGA","Uganda",33,"Lira",82,"Erute",490,"Adekokwok",NA,"","Sub-county","Sub-county","",""
491,239,"UGA","Uganda",33,"Lira",82,"Erute",491,"Amach",NA,"","Sub-county","Sub-county","",""
492,239,"UGA","Uganda",33,"Lira",82,"Erute",492,"Aromo",NA,"","Sub-county","Sub-county","",""
493,239,"UGA","Uganda",33,"Lira",82,"Erute",493,"Barr",NA,"","Sub-county","Sub-county","",""
494,239,"UGA","Uganda",33,"Lira",82,"Erute",494,"Lira",NA,"","Sub-county","Sub-county","",""
495,239,"UGA","Uganda",33,"Lira",82,"Erute",495,"Ogur",NA,"","Sub-county","Sub-county","",""
496,239,"UGA","Uganda",33,"Lira",83,"Kyoga",496,"Aputi",NA,"","Sub-county","Sub-county","",""
497,239,"UGA","Uganda",33,"Lira",83,"Kyoga",497,"Awelo",NA,"","Sub-county","Sub-county","",""
498,239,"UGA","Uganda",33,"Lira",83,"Kyoga",498,"Muntu",NA,"","Sub-county","Sub-county","",""
499,239,"UGA","Uganda",33,"Lira",83,"Kyoga",499,"Namasale",NA,"","Sub-county","Sub-county","",""
500,239,"UGA","Uganda",33,"Lira",84,"Lira",500,"Adyel",NA,"","Sub-county","Sub-county","",""
501,239,"UGA","Uganda",33,"Lira",84,"Lira",501,"Central",NA,"","Sub-county","Sub-county","",""
502,239,"UGA","Uganda",33,"Lira",84,"Lira",502,"Ojwina",NA,"","Sub-county","Sub-county","",""
503,239,"UGA","Uganda",33,"Lira",84,"Lira",503,"Railway",NA,"","Sub-county","Sub-county","",""
504,239,"UGA","Uganda",33,"Lira",85,"Moroto",504,"Abako",NA,"","Sub-county","Sub-county","",""
505,239,"UGA","Uganda",33,"Lira",85,"Moroto",505,"Aloi",NA,"","Sub-county","Sub-county","",""
506,239,"UGA","Uganda",33,"Lira",85,"Moroto",506,"Amugo",NA,"","Sub-county","Sub-county","",""
507,239,"UGA","Uganda",33,"Lira",85,"Moroto",507,"Apalla",NA,"","Sub-county","Sub-county","","Apala"
508,239,"UGA","Uganda",33,"Lira",85,"Moroto",508,"Omoro",NA,"","Sub-county","Sub-county","",""
509,239,"UGA","Uganda",33,"Lira",86,"Otuke",509,"Adwari",NA,"","Sub-county","Sub-county","",""
510,239,"UGA","Uganda",33,"Lira",86,"Otuke",510,"Okwang",NA,"","Sub-county","Sub-county","",""
511,239,"UGA","Uganda",33,"Lira",86,"Otuke",511,"Olilim",NA,"","Sub-county","Sub-county","",""
512,239,"UGA","Uganda",33,"Lira",86,"Otuke",512,"Orum",NA,"","Sub-county","Sub-county","",""
513,239,"UGA","Uganda",34,"Luwero",87,"Bamunanika",513,"Bamunanika",NA,"","Sub-county","Sub-county","",""
514,239,"UGA","Uganda",34,"Luwero",87,"Bamunanika",514,"Kalagala",NA,"","Sub-county","Sub-county","",""
515,239,"UGA","Uganda",34,"Luwero",87,"Bamunanika",515,"Kamira",NA,"","Sub-county","Sub-county","",""
516,239,"UGA","Uganda",34,"Luwero",87,"Bamunanika",516,"Kikyusa",NA,"","Sub-county","Sub-county","",""
517,239,"UGA","Uganda",34,"Luwero",87,"Bamunanika",517,"Zirobwe",NA,"","Sub-county","Sub-county","",""
518,239,"UGA","Uganda",34,"Luwero",88,"Katikamu",518,"Bombo Tc",NA,"","Sub-county","Sub-county","",""
519,239,"UGA","Uganda",34,"Luwero",88,"Katikamu",519,"Butuntumula",NA,"","Sub-county","Sub-county","",""
520,239,"UGA","Uganda",34,"Luwero",88,"Katikamu",520,"Katikamu",NA,"","Sub-county","Sub-county","",""
521,239,"UGA","Uganda",34,"Luwero",88,"Katikamu",521,"Luwero Tc",NA,"","Sub-county","Sub-county","",""
522,239,"UGA","Uganda",34,"Luwero",88,"Katikamu",522,"Luwero",NA,"","Sub-county","Sub-county","",""
523,239,"UGA","Uganda",34,"Luwero",88,"Katikamu",523,"Makulubita",NA,"","Sub-county","Sub-county","",""
524,239,"UGA","Uganda",34,"Luwero",88,"Katikamu",524,"Nyimbwa",NA,"","Sub-county","Sub-county","",""
525,239,"UGA","Uganda",34,"Luwero",88,"Katikamu",525,"Wobulenzi Tc",NA,"","Sub-county","Sub-county","",""
526,239,"UGA","Uganda",34,"Luwero",89,"Nakaseke",526,"Kapeeka",NA,"","Sub-county","Sub-county","",""
527,239,"UGA","Uganda",34,"Luwero",89,"Nakaseke",527,"Kasangombe",NA,"","Sub-county","Sub-county","",""
528,239,"UGA","Uganda",34,"Luwero",89,"Nakaseke",528,"Kikamulo",NA,"","Sub-county","Sub-county","",""
529,239,"UGA","Uganda",34,"Luwero",89,"Nakaseke",529,"Nakaseke",NA,"","Sub-county","Sub-county","",""
530,239,"UGA","Uganda",34,"Luwero",89,"Nakaseke",530,"Ngoma",NA,"","Sub-county","Sub-county","",""
531,239,"UGA","Uganda",34,"Luwero",89,"Nakaseke",531,"Semuto",NA,"","Sub-county","Sub-county","",""
532,239,"UGA","Uganda",34,"Luwero",89,"Nakaseke",532,"Wakyato",NA,"","Sub-county","Sub-county","",""
533,239,"UGA","Uganda",35,"Masaka",90,"Bukomansimbi",533,"Bigasa",NA,"","Sub-county","Sub-county","",""
534,239,"UGA","Uganda",35,"Masaka",90,"Bukomansimbi",534,"Butenga",NA,"","Sub-county","Sub-county","",""
535,239,"UGA","Uganda",35,"Masaka",90,"Bukomansimbi",535,"Kibingo",NA,"","Sub-county","Sub-county","","Kibinge"
536,239,"UGA","Uganda",35,"Masaka",90,"Bukomansimbi",536,"Kitanda",NA,"","Sub-county","Sub-county","",""
537,239,"UGA","Uganda",35,"Masaka",91,"Bukoto",537,"Bukakata",NA,"","Sub-county","Sub-county","",""
538,239,"UGA","Uganda",35,"Masaka",91,"Bukoto",538,"Buwunga",NA,"","Sub-county","Sub-county","",""
539,239,"UGA","Uganda",35,"Masaka",91,"Bukoto",539,"Kabonera",NA,"","Sub-county","Sub-county","",""
540,239,"UGA","Uganda",35,"Masaka",91,"Bukoto",540,"Kisekka",NA,"","Sub-county","Sub-county","",""
541,239,"UGA","Uganda",35,"Masaka",91,"Bukoto",541,"Kkingo",NA,"","Sub-county","Sub-county","",""
542,239,"UGA","Uganda",35,"Masaka",91,"Bukoto",542,"Kyanamukaaka",NA,"","Sub-county","Sub-county","",""
543,239,"UGA","Uganda",35,"Masaka",91,"Bukoto",543,"Kyazanga",NA,"","Sub-county","Sub-county","",""
544,239,"UGA","Uganda",35,"Masaka",91,"Bukoto",544,"Lwengo",NA,"","Sub-county","Sub-county","",""
545,239,"UGA","Uganda",35,"Masaka",91,"Bukoto",545,"Malongo",NA,"","Sub-county","Sub-county","",""
546,239,"UGA","Uganda",35,"Masaka",91,"Bukoto",546,"Mukungwe",NA,"","Sub-county","Sub-county","",""
547,239,"UGA","Uganda",35,"Masaka",91,"Bukoto",547,"Ndagwe",NA,"","Sub-county","Sub-county","",""
548,239,"UGA","Uganda",35,"Masaka",92,"Kalungu",548,"Bukulula",NA,"","Sub-county","Sub-county","",""
549,239,"UGA","Uganda",35,"Masaka",92,"Kalungu",549,"Kalungu",NA,"","Sub-county","Sub-county","",""
550,239,"UGA","Uganda",35,"Masaka",92,"Kalungu",550,"Kyamuliibwa",NA,"","Sub-county","Sub-county","",""
551,239,"UGA","Uganda",35,"Masaka",92,"Kalungu",551,"Lukaya Tc",NA,"","Sub-county","Sub-county","",""
552,239,"UGA","Uganda",35,"Masaka",92,"Kalungu",552,"Lwabenge",NA,"","Sub-county","Sub-county","",""
553,239,"UGA","Uganda",35,"Masaka",93,"Masaka",553,"Katwe/Butego",NA,"","Sub-county","Sub-county","",""
554,239,"UGA","Uganda",35,"Masaka",93,"Masaka",554,"Kimanya/Kyabaku",NA,"","Sub-county","Sub-county","",""
555,239,"UGA","Uganda",35,"Masaka",93,"Masaka",555,"Nyendo/Senyange",NA,"","Sub-county","Sub-county","",""
556,239,"UGA","Uganda",36,"Masindi",94,"Bujenje",556,"Biiso",NA,"","Sub-county","Sub-county","",""
557,239,"UGA","Uganda",36,"Masindi",94,"Bujenje",557,"Budongo",NA,"","Sub-county","Sub-county","",""
558,239,"UGA","Uganda",36,"Masindi",94,"Bujenje",558,"Buliisa",NA,"","Sub-county","Sub-county","",""
559,239,"UGA","Uganda",36,"Masindi",94,"Bujenje",559,"Bwijanga",NA,"","Sub-county","Sub-county","",""
560,239,"UGA","Uganda",36,"Masindi",95,"Buruli",560,"Karujubu",NA,"","Sub-county","Sub-county","",""
561,239,"UGA","Uganda",36,"Masindi",95,"Buruli",561,"Kimengo",NA,"","Sub-county","Sub-county","",""
562,239,"UGA","Uganda",36,"Masindi",95,"Buruli",562,"Masindi Tc",NA,"","Sub-county","Sub-county","",""
563,239,"UGA","Uganda",36,"Masindi",95,"Buruli",563,"Miirya",NA,"","Sub-county","Sub-county","",""
564,239,"UGA","Uganda",36,"Masindi",95,"Buruli",564,"Nyangahya",NA,"","Sub-county","Sub-county","",""
565,239,"UGA","Uganda",36,"Masindi",95,"Buruli",565,"Pakanyi",NA,"","Sub-county","Sub-county","",""
566,239,"UGA","Uganda",36,"Masindi",96,"Kibanda",566,"Kigumba",NA,"","Sub-county","Sub-county","",""
567,239,"UGA","Uganda",36,"Masindi",96,"Kibanda",567,"Kiryandongo",NA,"","Sub-county","Sub-county","",""
568,239,"UGA","Uganda",36,"Masindi",96,"Kibanda",568,"Masindi Port",NA,"","Sub-county","Sub-county","","Masindi -Port"
569,239,"UGA","Uganda",36,"Masindi",96,"Kibanda",569,"Mutunda",NA,"","Sub-county","Sub-county","",""
570,239,"UGA","Uganda",37,"Mayuge",97,"Bunya",570,"Baitambogwe",NA,"","Sub-county","Sub-county","",""
571,239,"UGA","Uganda",37,"Mayuge",97,"Bunya",571,"Buwaya",NA,"","Sub-county","Sub-county","","Buwaaya"
572,239,"UGA","Uganda",37,"Mayuge",97,"Bunya",572,"Imanyiro",NA,"","Sub-county","Sub-county","","Immanyiro"
573,239,"UGA","Uganda",37,"Mayuge",97,"Bunya",573,"Kigandalo",NA,"","Sub-county","Sub-county","",""
574,239,"UGA","Uganda",37,"Mayuge",97,"Bunya",574,"Kityerera",NA,"","Sub-county","Sub-county","",""
575,239,"UGA","Uganda",37,"Mayuge",97,"Bunya",575,"Malongo",NA,"","Sub-county","Sub-county","",""
576,239,"UGA","Uganda",37,"Mayuge",97,"Bunya",576,"Mayuge Tc",NA,"","Sub-county","Sub-county","",""
577,239,"UGA","Uganda",38,"Mbale",98,"Bubulo",577,"Bubutu",NA,"","Sub-county","Sub-county","",""
578,239,"UGA","Uganda",38,"Mbale",98,"Bubulo",578,"Bugobero",NA,"","Sub-county","Sub-county","",""
579,239,"UGA","Uganda",38,"Mbale",98,"Bubulo",579,"Bumbo",NA,"","Sub-county","Sub-county","",""
580,239,"UGA","Uganda",38,"Mbale",98,"Bubulo",580,"Bumwoni",NA,"","Sub-county","Sub-county","",""
581,239,"UGA","Uganda",38,"Mbale",98,"Bubulo",581,"Bupoto",NA,"","Sub-county","Sub-county","",""
582,239,"UGA","Uganda",38,"Mbale",98,"Bubulo",582,"Butiru",NA,"","Sub-county","Sub-county","",""
583,239,"UGA","Uganda",38,"Mbale",98,"Bubulo",583,"Buwabwala",NA,"","Sub-county","Sub-county","",""
584,239,"UGA","Uganda",38,"Mbale",98,"Bubulo",584,"Buwagogo",NA,"","Sub-county","Sub-county","",""
585,239,"UGA","Uganda",38,"Mbale",98,"Bubulo",585,"Kaato",NA,"","Sub-county","Sub-county","",""
586,239,"UGA","Uganda",38,"Mbale",98,"Bubulo",586,"Sibanga",NA,"","Sub-county","Sub-county","",""
587,239,"UGA","Uganda",38,"Mbale",99,"Bungokho",587,"Bufumbo",NA,"","Sub-county","Sub-county","",""
588,239,"UGA","Uganda",38,"Mbale",99,"Bungokho",588,"Bukonde",NA,"","Sub-county","Sub-county","",""
589,239,"UGA","Uganda",38,"Mbale",99,"Bungokho",589,"Bukyiende",NA,"","Sub-county","Sub-county","",""
590,239,"UGA","Uganda",38,"Mbale",99,"Bungokho",590,"Bungokho-Mutoto",NA,"","Sub-county","Sub-county","",""
591,239,"UGA","Uganda",38,"Mbale",99,"Bungokho",591,"Bungokho",NA,"","Sub-county","Sub-county","",""
592,239,"UGA","Uganda",38,"Mbale",99,"Bungokho",592,"Busano",NA,"","Sub-county","Sub-county","",""
593,239,"UGA","Uganda",38,"Mbale",99,"Bungokho",593,"Busiu",NA,"","Sub-county","Sub-county","",""
594,239,"UGA","Uganda",38,"Mbale",99,"Bungokho",594,"Busoba",NA,"","Sub-county","Sub-county","",""
595,239,"UGA","Uganda",38,"Mbale",99,"Bungokho",595,"Nakaloke",NA,"","Sub-county","Sub-county","",""
596,239,"UGA","Uganda",38,"Mbale",99,"Bungokho",596,"Namanyonyi",NA,"","Sub-county","Sub-county","",""
597,239,"UGA","Uganda",38,"Mbale",99,"Bungokho",597,"Wanale",NA,"","Sub-county","Sub-county","",""
598,239,"UGA","Uganda",38,"Mbale",100,"Manjiya",598,"Bubiita",NA,"","Sub-county","Sub-county","",""
599,239,"UGA","Uganda",38,"Mbale",100,"Manjiya",599,"Bududa",NA,"","Sub-county","Sub-county","",""
600,239,"UGA","Uganda",38,"Mbale",100,"Manjiya",600,"Bukibokolo",NA,"","Sub-county","Sub-county","",""
601,239,"UGA","Uganda",38,"Mbale",100,"Manjiya",601,"Bukigai",NA,"","Sub-county","Sub-county","",""
602,239,"UGA","Uganda",38,"Mbale",100,"Manjiya",602,"Bulucheke",NA,"","Sub-county","Sub-county","",""
603,239,"UGA","Uganda",38,"Mbale",100,"Manjiya",603,"Bumayoka",NA,"","Sub-county","Sub-county","",""
604,239,"UGA","Uganda",38,"Mbale",100,"Manjiya",604,"Bushika",NA,"","Sub-county","Sub-county","",""
605,239,"UGA","Uganda",38,"Mbale",101,"Mbale",605,"Industrial",NA,"","Sub-county","Sub-county","",""
606,239,"UGA","Uganda",38,"Mbale",101,"Mbale",606,"Northern Division",NA,"","Sub-county","Sub-county","",""
607,239,"UGA","Uganda",38,"Mbale",101,"Mbale",607,"Wanale Division",NA,"","Sub-county","Sub-county","",""
608,239,"UGA","Uganda",39,"Mbarara",102,"Bukanga",608,"Endinzi",NA,"","Sub-county","Sub-county","",""
609,239,"UGA","Uganda",39,"Mbarara",102,"Bukanga",609,"Kashumba",NA,"","Sub-county","Sub-county","",""
610,239,"UGA","Uganda",39,"Mbarara",102,"Bukanga",610,"Ngarama",NA,"","Sub-county","Sub-county","",""
611,239,"UGA","Uganda",39,"Mbarara",102,"Bukanga",611,"Rugaaga",NA,"","Sub-county","Sub-county","",""
612,239,"UGA","Uganda",39,"Mbarara",103,"Ibanda",612,"Bisheshe",NA,"","Sub-county","Sub-county","",""
613,239,"UGA","Uganda",39,"Mbarara",103,"Ibanda",613,"Ibanda Tc",NA,"","Sub-county","Sub-county","",""
614,239,"UGA","Uganda",39,"Mbarara",103,"Ibanda",614,"Ishongororo",NA,"","Sub-county","Sub-county","",""
615,239,"UGA","Uganda",39,"Mbarara",103,"Ibanda",615,"Kicuzi",NA,"","Sub-county","Sub-county","",""
616,239,"UGA","Uganda",39,"Mbarara",103,"Ibanda",616,"Kikyenkye",NA,"","Sub-county","Sub-county","",""
617,239,"UGA","Uganda",39,"Mbarara",103,"Ibanda",617,"Nyabuhikye",NA,"","Sub-county","Sub-county","",""
618,239,"UGA","Uganda",39,"Mbarara",103,"Ibanda",618,"Nyamarebe",NA,"","Sub-county","Sub-county","",""
619,239,"UGA","Uganda",39,"Mbarara",103,"Ibanda",619,"Rukiri",NA,"","Sub-county","Sub-county","",""
620,239,"UGA","Uganda",39,"Mbarara",104,"Isingiro",620,"Birere",NA,"","Sub-county","Sub-county","",""
621,239,"UGA","Uganda",39,"Mbarara",104,"Isingiro",621,"Kabingo",NA,"","Sub-county","Sub-county","",""
622,239,"UGA","Uganda",39,"Mbarara",104,"Isingiro",622,"Kabuyanda",NA,"","Sub-county","Sub-county","",""
623,239,"UGA","Uganda",39,"Mbarara",104,"Isingiro",623,"Kikagate",NA,"","Sub-county","Sub-county","",""
624,239,"UGA","Uganda",39,"Mbarara",104,"Isingiro",624,"Masha",NA,"","Sub-county","Sub-county","",""
625,239,"UGA","Uganda",39,"Mbarara",104,"Isingiro",625,"Nyakitunda",NA,"","Sub-county","Sub-county","",""
626,239,"UGA","Uganda",39,"Mbarara",105,"Kashari",626,"Bubaare",NA,"","Sub-county","Sub-county","",""
627,239,"UGA","Uganda",39,"Mbarara",105,"Kashari",627,"Bukiro",NA,"","Sub-county","Sub-county","",""
628,239,"UGA","Uganda",39,"Mbarara",105,"Kashari",628,"Kagongi",NA,"","Sub-county","Sub-county","",""
629,239,"UGA","Uganda",39,"Mbarara",105,"Kashari",629,"Kakiika",NA,"","Sub-county","Sub-county","",""
630,239,"UGA","Uganda",39,"Mbarara",105,"Kashari",630,"Kashare",NA,"","Sub-county","Sub-county","",""
631,239,"UGA","Uganda",39,"Mbarara",105,"Kashari",631,"Rubaya",NA,"","Sub-county","Sub-county","",""
632,239,"UGA","Uganda",39,"Mbarara",105,"Kashari",632,"Rubindi",NA,"","Sub-county","Sub-county","",""
633,239,"UGA","Uganda",39,"Mbarara",105,"Kashari",633,"Rwanyamahembe",NA,"","Sub-county","Sub-county","",""
634,239,"UGA","Uganda",39,"Mbarara",106,"Kazo",634,"Buremba",NA,"","Sub-county","Sub-county","",""
635,239,"UGA","Uganda",39,"Mbarara",106,"Kazo",635,"Burunga",NA,"","Sub-county","Sub-county","",""
636,239,"UGA","Uganda",39,"Mbarara",106,"Kazo",636,"Kanoni",NA,"","Sub-county","Sub-county","",""
637,239,"UGA","Uganda",39,"Mbarara",106,"Kazo",637,"Kazo",NA,"","Sub-county","Sub-county","",""
638,239,"UGA","Uganda",39,"Mbarara",106,"Kazo",638,"Rwemikoma",NA,"","Sub-county","Sub-county","",""
639,239,"UGA","Uganda",39,"Mbarara",107,"Mbarara",639,"Kakoba",NA,"","Sub-county","Sub-county","",""
640,239,"UGA","Uganda",39,"Mbarara",107,"Mbarara",640,"Kamukuzi",NA,"","Sub-county","Sub-county","",""
641,239,"UGA","Uganda",39,"Mbarara",107,"Mbarara",641,"Nyamitanga",NA,"","Sub-county","Sub-county","",""
642,239,"UGA","Uganda",39,"Mbarara",108,"Nyabushozi",642,"Kanyaryeru",NA,"","Sub-county","Sub-county","",""
643,239,"UGA","Uganda",39,"Mbarara",108,"Nyabushozi",643,"Kashongi",NA,"","Sub-county","Sub-county","",""
644,239,"UGA","Uganda",39,"Mbarara",108,"Nyabushozi",644,"Kenshunga",NA,"","Sub-county","Sub-county","",""
645,239,"UGA","Uganda",39,"Mbarara",108,"Nyabushozi",645,"Kikatsi",NA,"","Sub-county","Sub-county","",""
646,239,"UGA","Uganda",39,"Mbarara",108,"Nyabushozi",646,"Kinoni",NA,"","Sub-county","Sub-county","",""
647,239,"UGA","Uganda",39,"Mbarara",108,"Nyabushozi",647,"Nyakashashara",NA,"","Sub-county","Sub-county","",""
648,239,"UGA","Uganda",39,"Mbarara",108,"Nyabushozi",648,"Sanga",NA,"","Sub-county","Sub-county","",""
649,239,"UGA","Uganda",39,"Mbarara",109,"Rwampara",649,"Bugamba",NA,"","Sub-county","Sub-county","",""
650,239,"UGA","Uganda",39,"Mbarara",109,"Rwampara",650,"Mwizi",NA,"","Sub-county","Sub-county","",""
651,239,"UGA","Uganda",39,"Mbarara",109,"Rwampara",651,"Ndaija",NA,"","Sub-county","Sub-county","",""
652,239,"UGA","Uganda",39,"Mbarara",109,"Rwampara",652,"Nyakayojo",NA,"","Sub-county","Sub-county","",""
653,239,"UGA","Uganda",39,"Mbarara",109,"Rwampara",653,"Rugando",NA,"","Sub-county","Sub-county","",""
654,239,"UGA","Uganda",40,"Moroto",110,"Bokora",654,"Iriiri",NA,"","Sub-county","Sub-county","",""
655,239,"UGA","Uganda",40,"Moroto",110,"Bokora",655,"Lokopo",NA,"","Sub-county","Sub-county","",""
656,239,"UGA","Uganda",40,"Moroto",110,"Bokora",656,"Lopei",NA,"","Sub-county","Sub-county","",""
657,239,"UGA","Uganda",40,"Moroto",110,"Bokora",657,"Lotome",NA,"","Sub-county","Sub-county","",""
658,239,"UGA","Uganda",40,"Moroto",110,"Bokora",658,"Matany",NA,"","Sub-county","Sub-county","",""
659,239,"UGA","Uganda",40,"Moroto",110,"Bokora",659,"Ngoleriet",NA,"","Sub-county","Sub-county","",""
660,239,"UGA","Uganda",40,"Moroto",111,"Matheniko",660,"Katikekile",NA,"","Sub-county","Sub-county","",""
661,239,"UGA","Uganda",40,"Moroto",111,"Matheniko",661,"Nadunget",NA,"","Sub-county","Sub-county","",""
662,239,"UGA","Uganda",40,"Moroto",111,"Matheniko",662,"Rupa",NA,"","Sub-county","Sub-county","",""
663,239,"UGA","Uganda",40,"Moroto",112,"Moroto",663,"Northern Division",NA,"","Sub-county","Sub-county","",""
664,239,"UGA","Uganda",40,"Moroto",112,"Moroto",664,"Southern Division",NA,"","Sub-county","Sub-county","",""
665,239,"UGA","Uganda",41,"Moyo",113,"Obongi",665,"Aliba",NA,"","Sub-county","Sub-county","",""
666,239,"UGA","Uganda",41,"Moyo",113,"Obongi",666,"Gimara",NA,"","Sub-county","Sub-county","",""
667,239,"UGA","Uganda",41,"Moyo",113,"Obongi",667,"Itula",NA,"","Sub-county","Sub-county","",""
668,239,"UGA","Uganda",41,"Moyo",114,"West Moyo",668,"Dufile",NA,"","Sub-county","Sub-county","",""
669,239,"UGA","Uganda",41,"Moyo",114,"West Moyo",669,"Lefori",NA,"","Sub-county","Sub-county","",""
670,239,"UGA","Uganda",41,"Moyo",114,"West Moyo",670,"Metu",NA,"","Sub-county","Sub-county","",""
671,239,"UGA","Uganda",41,"Moyo",114,"West Moyo",671,"Moyo Tc",NA,"","Sub-county","Sub-county","",""
672,239,"UGA","Uganda",41,"Moyo",114,"West Moyo",672,"Moyo",NA,"","Sub-county","Sub-county","",""
673,239,"UGA","Uganda",42,"Mpigi",115,"Butambala",673,"Budde",NA,"","Sub-county","Sub-county","",""
674,239,"UGA","Uganda",42,"Mpigi",115,"Butambala",674,"Bulo",NA,"","Sub-county","Sub-county","",""
675,239,"UGA","Uganda",42,"Mpigi",115,"Butambala",675,"Kalamba",NA,"","Sub-county","Sub-county","",""
676,239,"UGA","Uganda",42,"Mpigi",115,"Butambala",676,"Kibibi",NA,"","Sub-county","Sub-county","",""
677,239,"UGA","Uganda",42,"Mpigi",115,"Butambala",677,"Ngando",NA,"","Sub-county","Sub-county","",""
678,239,"UGA","Uganda",42,"Mpigi",116,"Gomba",678,"Kabulasoke",NA,"","Sub-county","Sub-county","",""
679,239,"UGA","Uganda",42,"Mpigi",116,"Gomba",679,"Kyegonza",NA,"","Sub-county","Sub-county","",""
680,239,"UGA","Uganda",42,"Mpigi",116,"Gomba",680,"Maddu",NA,"","Sub-county","Sub-county","",""
681,239,"UGA","Uganda",42,"Mpigi",116,"Gomba",681,"Mpenja",NA,"","Sub-county","Sub-county","",""
682,239,"UGA","Uganda",42,"Mpigi",117,"Mawokota",682,"Buwama",NA,"","Sub-county","Sub-county","",""
683,239,"UGA","Uganda",42,"Mpigi",117,"Mawokota",683,"Kamengo",NA,"","Sub-county","Sub-county","",""
684,239,"UGA","Uganda",42,"Mpigi",117,"Mawokota",684,"Kiringente",NA,"","Sub-county","Sub-county","",""
685,239,"UGA","Uganda",42,"Mpigi",117,"Mawokota",685,"Kituntu",NA,"","Sub-county","Sub-county","",""
686,239,"UGA","Uganda",42,"Mpigi",117,"Mawokota",686,"Mpigi Tc",NA,"","Sub-county","Sub-county","",""
687,239,"UGA","Uganda",42,"Mpigi",117,"Mawokota",687,"Mpigi",NA,"","Sub-county","Sub-county","",""
688,239,"UGA","Uganda",42,"Mpigi",117,"Mawokota",688,"Muduma",NA,"","Sub-county","Sub-county","",""
689,239,"UGA","Uganda",42,"Mpigi",117,"Mawokota",689,"Nkozi",NA,"","Sub-county","Sub-county","",""
690,239,"UGA","Uganda",43,"Mubende",118,"Busujju",690,"Butayunja",NA,"","Sub-county","Sub-county","",""
691,239,"UGA","Uganda",43,"Mubende",118,"Busujju",691,"Kakindu",NA,"","Sub-county","Sub-county","",""
692,239,"UGA","Uganda",43,"Mubende",118,"Busujju",692,"Maanyi",NA,"","Sub-county","Sub-county","",""
693,239,"UGA","Uganda",43,"Mubende",118,"Busujju",693,"Malangala",NA,"","Sub-county","Sub-county","",""
694,239,"UGA","Uganda",43,"Mubende",119,"Buwekula",694,"Bagezza",NA,"","Sub-county","Sub-county","",""
695,239,"UGA","Uganda",43,"Mubende",119,"Buwekula",695,"Butoloogo",NA,"","Sub-county","Sub-county","",""
696,239,"UGA","Uganda",43,"Mubende",119,"Buwekula",696,"Kasambya",NA,"","Sub-county","Sub-county","",""
697,239,"UGA","Uganda",43,"Mubende",119,"Buwekula",697,"Kitenga",NA,"","Sub-county","Sub-county","",""
698,239,"UGA","Uganda",43,"Mubende",119,"Buwekula",698,"Kiyuni",NA,"","Sub-county","Sub-county","",""
699,239,"UGA","Uganda",43,"Mubende",119,"Buwekula",699,"Madudu",NA,"","Sub-county","Sub-county","",""
700,239,"UGA","Uganda",43,"Mubende",119,"Buwekula",700,"Mubende Tc",NA,"","Sub-county","Sub-county","",""
701,239,"UGA","Uganda",43,"Mubende",120,"Kassanda",701,"Bukuya",NA,"","Sub-county","Sub-county","",""
702,239,"UGA","Uganda",43,"Mubende",120,"Kassanda",702,"Kassanda",NA,"","Sub-county","Sub-county","",""
703,239,"UGA","Uganda",43,"Mubende",120,"Kassanda",703,"Kiganda",NA,"","Sub-county","Sub-county","",""
704,239,"UGA","Uganda",43,"Mubende",120,"Kassanda",704,"Myanzi",NA,"","Sub-county","Sub-county","",""
705,239,"UGA","Uganda",43,"Mubende",121,"Mityana",705,"Bulera",NA,"","Sub-county","Sub-county","",""
706,239,"UGA","Uganda",43,"Mubende",121,"Mityana",706,"Busimbi",NA,"","Sub-county","Sub-county","",""
707,239,"UGA","Uganda",43,"Mubende",121,"Mityana",707,"Kikandwa",NA,"","Sub-county","Sub-county","",""
708,239,"UGA","Uganda",43,"Mubende",121,"Mityana",708,"Mityana Tc",NA,"","Sub-county","Sub-county","",""
709,239,"UGA","Uganda",43,"Mubende",121,"Mityana",709,"Ssekanyonyi",NA,"","Sub-county","Sub-county","",""
710,239,"UGA","Uganda",44,"Mukono",122,"Buikwe",710,"Buikwe",NA,"","Sub-county","Sub-county","",""
711,239,"UGA","Uganda",44,"Mukono",122,"Buikwe",711,"Kawolo",NA,"","Sub-county","Sub-county","",""
712,239,"UGA","Uganda",44,"Mukono",122,"Buikwe",712,"Lugazi Tc",NA,"","Sub-county","Sub-county","",""
713,239,"UGA","Uganda",44,"Mukono",122,"Buikwe",713,"Najja",NA,"","Sub-county","Sub-county","",""
714,239,"UGA","Uganda",44,"Mukono",122,"Buikwe",714,"Najjembe",NA,"","Sub-county","Sub-county","",""
715,239,"UGA","Uganda",44,"Mukono",122,"Buikwe",715,"Ngogwe",NA,"","Sub-county","Sub-county","",""
716,239,"UGA","Uganda",44,"Mukono",122,"Buikwe",716,"Njeru Tc",NA,"","Sub-county","Sub-county","",""
717,239,"UGA","Uganda",44,"Mukono",122,"Buikwe",717,"Nkonkonjeru Tc",NA,"","Sub-county","Sub-county","",""
718,239,"UGA","Uganda",44,"Mukono",122,"Buikwe",718,"Nyenga",NA,"","Sub-county","Sub-county","",""
719,239,"UGA","Uganda",44,"Mukono",122,"Buikwe",719,"Ssi-Bukunja",NA,"","Sub-county","Sub-county","",""
720,239,"UGA","Uganda",44,"Mukono",122,"Buikwe",720,"Wakisi",NA,"","Sub-county","Sub-county","",""
721,239,"UGA","Uganda",44,"Mukono",123,"Buvuma Islands",721,"Bugaya",NA,"","Sub-county","Sub-county","",""
722,239,"UGA","Uganda",44,"Mukono",123,"Buvuma Islands",722,"Busamuzi",NA,"","Sub-county","Sub-county","",""
723,239,"UGA","Uganda",44,"Mukono",123,"Buvuma Islands",723,"Bwema",NA,"","Sub-county","Sub-county","","Bweema"
724,239,"UGA","Uganda",44,"Mukono",123,"Buvuma Islands",724,"Nairambi",NA,"","Sub-county","Sub-county","",""
725,239,"UGA","Uganda",44,"Mukono",124,"Mukono",725,"Goma",NA,"","Sub-county","Sub-county","",""
726,239,"UGA","Uganda",44,"Mukono",124,"Mukono",726,"Kkome Islands",NA,"","Sub-county","Sub-county","",""
727,239,"UGA","Uganda",44,"Mukono",124,"Mukono",727,"Kyampisi",NA,"","Sub-county","Sub-county","",""
728,239,"UGA","Uganda",44,"Mukono",124,"Mukono",728,"Mukono Tc",NA,"","Sub-county","Sub-county","",""
729,239,"UGA","Uganda",44,"Mukono",124,"Mukono",729,"Nakisunga",NA,"","Sub-county","Sub-county","",""
730,239,"UGA","Uganda",44,"Mukono",124,"Mukono",730,"Nama",NA,"","Sub-county","Sub-county","",""
731,239,"UGA","Uganda",44,"Mukono",124,"Mukono",731,"Ntenjeru",NA,"","Sub-county","Sub-county","",""
732,239,"UGA","Uganda",44,"Mukono",125,"Nakifuma",732,"Kasawo",NA,"","Sub-county","Sub-county","",""
733,239,"UGA","Uganda",44,"Mukono",125,"Nakifuma",733,"Kimenyedde",NA,"","Sub-county","Sub-county","",""
734,239,"UGA","Uganda",44,"Mukono",125,"Nakifuma",734,"Nabaale",NA,"","Sub-county","Sub-county","",""
735,239,"UGA","Uganda",44,"Mukono",125,"Nakifuma",735,"Nagojje",NA,"","Sub-county","Sub-county","",""
736,239,"UGA","Uganda",44,"Mukono",125,"Nakifuma",736,"Ntunda",NA,"","Sub-county","Sub-county","",""
737,239,"UGA","Uganda",44,"Mukono",125,"Nakifuma",737,"Seeta-Namuganga",NA,"","Sub-county","Sub-county","",""
738,239,"UGA","Uganda",45,"Nakapiripirit",126,"Chekwii",738,"Kakomongole",NA,"","Sub-county","Sub-county","",""
739,239,"UGA","Uganda",45,"Nakapiripirit",126,"Chekwii",739,"Moruita",NA,"","Sub-county","Sub-county","",""
740,239,"UGA","Uganda",45,"Nakapiripirit",126,"Chekwii",740,"Nakapiripirit T.C.",NA,"","Sub-county","Sub-county","",""
741,239,"UGA","Uganda",45,"Nakapiripirit",126,"Chekwii",741,"Namalu",NA,"","Sub-county","Sub-county","",""
742,239,"UGA","Uganda",45,"Nakapiripirit",127,"Pian",742,"Lolachat",NA,"","Sub-county","Sub-county","",""
743,239,"UGA","Uganda",45,"Nakapiripirit",127,"Pian",743,"Lorengedwat",NA,"","Sub-county","Sub-county","",""
744,239,"UGA","Uganda",45,"Nakapiripirit",127,"Pian",744,"Nabilatuk",NA,"","Sub-county","Sub-county","",""
745,239,"UGA","Uganda",45,"Nakapiripirit",128,"Pokot",745,"Amudat",NA,"","Sub-county","Sub-county","",""
746,239,"UGA","Uganda",45,"Nakapiripirit",128,"Pokot",746,"Karita",NA,"","Sub-county","Sub-county","",""
747,239,"UGA","Uganda",45,"Nakapiripirit",128,"Pokot",747,"Loroo",NA,"","Sub-county","Sub-county","",""
748,239,"UGA","Uganda",46,"Nakasongola",129,"Buruli",748,"Kakooge",NA,"","Sub-county","Sub-county","",""
749,239,"UGA","Uganda",46,"Nakasongola",129,"Buruli",749,"Kalongo",NA,"","Sub-county","Sub-county","",""
750,239,"UGA","Uganda",46,"Nakasongola",129,"Buruli",750,"Kalungi",NA,"","Sub-county","Sub-county","",""
751,239,"UGA","Uganda",46,"Nakasongola",129,"Buruli",751,"Lwabyata",NA,"","Sub-county","Sub-county","",""
752,239,"UGA","Uganda",46,"Nakasongola",129,"Buruli",752,"Lwampanga",NA,"","Sub-county","Sub-county","",""
753,239,"UGA","Uganda",46,"Nakasongola",129,"Buruli",753,"Nabiswera",NA,"","Sub-county","Sub-county","",""
754,239,"UGA","Uganda",46,"Nakasongola",129,"Buruli",754,"Nakasongola Tc",NA,"","Sub-county","Sub-county","",""
755,239,"UGA","Uganda",46,"Nakasongola",129,"Buruli",755,"Nakitoma",NA,"","Sub-county","Sub-county","",""
756,239,"UGA","Uganda",46,"Nakasongola",129,"Buruli",756,"Wabinyonyi",NA,"","Sub-county","Sub-county","",""
757,239,"UGA","Uganda",47,"Nebbi",130,"Jonam",757,"Pakwach Tc",NA,"","Sub-county","Sub-county","",""
758,239,"UGA","Uganda",47,"Nebbi",130,"Jonam",758,"Pakwach",NA,"","Sub-county","Sub-county","",""
759,239,"UGA","Uganda",47,"Nebbi",130,"Jonam",759,"Panyango",NA,"","Sub-county","Sub-county","",""
760,239,"UGA","Uganda",47,"Nebbi",130,"Jonam",760,"Panyimur",NA,"","Sub-county","Sub-county","",""
761,239,"UGA","Uganda",47,"Nebbi",130,"Jonam",761,"Wadelai",NA,"","Sub-county","Sub-county","",""
762,239,"UGA","Uganda",47,"Nebbi",131,"Okoro",762,"Atyak",NA,"","Sub-county","Sub-county","",""
763,239,"UGA","Uganda",47,"Nebbi",131,"Okoro",763,"Jangokoro",NA,"","Sub-county","Sub-county","",""
764,239,"UGA","Uganda",47,"Nebbi",131,"Okoro",764,"Kango",NA,"","Sub-county","Sub-county","",""
765,239,"UGA","Uganda",47,"Nebbi",131,"Okoro",765,"Nyapea",NA,"","Sub-county","Sub-county","",""
766,239,"UGA","Uganda",47,"Nebbi",131,"Okoro",766,"Paidha Tc",NA,"","Sub-county","Sub-county","",""
767,239,"UGA","Uganda",47,"Nebbi",131,"Okoro",767,"Paidha",NA,"","Sub-county","Sub-county","",""
768,239,"UGA","Uganda",47,"Nebbi",131,"Okoro",768,"Zeu",NA,"","Sub-county","Sub-county","",""
769,239,"UGA","Uganda",47,"Nebbi",132,"Padyere",769,"Akworo",NA,"","Sub-county","Sub-county","",""
770,239,"UGA","Uganda",47,"Nebbi",132,"Padyere",770,"Erussi",NA,"","Sub-county","Sub-county","",""
771,239,"UGA","Uganda",47,"Nebbi",132,"Padyere",771,"Kucwiny",NA,"","Sub-county","Sub-county","",""
772,239,"UGA","Uganda",47,"Nebbi",132,"Padyere",772,"Nebbi Tc",NA,"","Sub-county","Sub-county","",""
773,239,"UGA","Uganda",47,"Nebbi",132,"Padyere",773,"Nebbi",NA,"","Sub-county","Sub-county","",""
774,239,"UGA","Uganda",47,"Nebbi",132,"Padyere",774,"Nyaravur",NA,"","Sub-county","Sub-county","",""
775,239,"UGA","Uganda",47,"Nebbi",132,"Padyere",775,"Parombo",NA,"","Sub-county","Sub-county","",""
776,239,"UGA","Uganda",48,"Ntungamo",133,"Kajara",776,"Bwongyera",NA,"","Sub-county","Sub-county","",""
777,239,"UGA","Uganda",48,"Ntungamo",133,"Kajara",777,"Ihunga",NA,"","Sub-county","Sub-county","",""
778,239,"UGA","Uganda",48,"Ntungamo",133,"Kajara",778,"Kibatsi",NA,"","Sub-county","Sub-county","",""
779,239,"UGA","Uganda",48,"Ntungamo",133,"Kajara",779,"Nyabihoko",NA,"","Sub-county","Sub-county","",""
780,239,"UGA","Uganda",48,"Ntungamo",134,"Ruhaama",780,"Itojo",NA,"","Sub-county","Sub-county","",""
781,239,"UGA","Uganda",48,"Ntungamo",134,"Ruhaama",781,"Ntungamo Tc",NA,"","Sub-county","Sub-county","",""
782,239,"UGA","Uganda",48,"Ntungamo",134,"Ruhaama",782,"Ntungamo",NA,"","Sub-county","Sub-county","",""
783,239,"UGA","Uganda",48,"Ntungamo",134,"Ruhaama",783,"Nyakyera",NA,"","Sub-county","Sub-county","",""
784,239,"UGA","Uganda",48,"Ntungamo",134,"Ruhaama",784,"Ruhaama",NA,"","Sub-county","Sub-county","",""
785,239,"UGA","Uganda",48,"Ntungamo",134,"Ruhaama",785,"Rukoni",NA,"","Sub-county","Sub-county","",""
786,239,"UGA","Uganda",48,"Ntungamo",134,"Ruhaama",786,"Rweikiniro",NA,"","Sub-county","Sub-county","",""
787,239,"UGA","Uganda",48,"Ntungamo",135,"Rushenyi",787,"Kayonza",NA,"","Sub-county","Sub-county","",""
788,239,"UGA","Uganda",48,"Ntungamo",135,"Rushenyi",788,"Ngoma",NA,"","Sub-county","Sub-county","",""
789,239,"UGA","Uganda",48,"Ntungamo",135,"Rushenyi",789,"Rubaare",NA,"","Sub-county","Sub-county","",""
790,239,"UGA","Uganda",48,"Ntungamo",135,"Rushenyi",790,"Rugarama",NA,"","Sub-county","Sub-county","",""
791,239,"UGA","Uganda",49,"Pader",136,"Agago",791,"Adilang",NA,"","Sub-county","Sub-county","",""
792,239,"UGA","Uganda",49,"Pader",136,"Agago",792,"Lapono",NA,"","Sub-county","Sub-county","",""
793,239,"UGA","Uganda",49,"Pader",136,"Agago",793,"Lira Palwo",NA,"","Sub-county","Sub-county","",""
794,239,"UGA","Uganda",49,"Pader",136,"Agago",794,"Lukole",NA,"","Sub-county","Sub-county","",""
795,239,"UGA","Uganda",49,"Pader",136,"Agago",795,"Omot",NA,"","Sub-county","Sub-county","",""
796,239,"UGA","Uganda",49,"Pader",136,"Agago",796,"Paimol",NA,"","Sub-county","Sub-county","",""
797,239,"UGA","Uganda",49,"Pader",136,"Agago",797,"Parabongo",NA,"","Sub-county","Sub-county","",""
798,239,"UGA","Uganda",49,"Pader",136,"Agago",798,"Patongo",NA,"","Sub-county","Sub-county","",""
799,239,"UGA","Uganda",49,"Pader",136,"Agago",799,"Wol",NA,"","Sub-county","Sub-county","",""
800,239,"UGA","Uganda",49,"Pader",137,"Aruu",800,"Acholibur",NA,"","Sub-county","Sub-county","",""
801,239,"UGA","Uganda",49,"Pader",137,"Aruu",801,"Atanga",NA,"","Sub-county","Sub-county","",""
802,239,"UGA","Uganda",49,"Pader",137,"Aruu",802,"Awere",NA,"","Sub-county","Sub-county","","Awer"
803,239,"UGA","Uganda",49,"Pader",137,"Aruu",803,"Kilak",NA,"","Sub-county","Sub-county","",""
804,239,"UGA","Uganda",49,"Pader",137,"Aruu",804,"Laguti",NA,"","Sub-county","Sub-county","",""
805,239,"UGA","Uganda",49,"Pader",137,"Aruu",805,"Lapul",NA,"","Sub-county","Sub-county","",""
806,239,"UGA","Uganda",49,"Pader",137,"Aruu",806,"Pader T.C.",NA,"","Sub-county","Sub-county","",""
807,239,"UGA","Uganda",49,"Pader",137,"Aruu",807,"Pajule",NA,"","Sub-county","Sub-county","",""
808,239,"UGA","Uganda",49,"Pader",137,"Aruu",808,"Puranga",NA,"","Sub-county","Sub-county","",""
809,239,"UGA","Uganda",50,"Pallisa",138,"Budaka",809,"Budaka",NA,"","Sub-county","Sub-county","",""
810,239,"UGA","Uganda",50,"Pallisa",138,"Budaka",810,"Iki-Iki",NA,"","Sub-county","Sub-county","",""
811,239,"UGA","Uganda",50,"Pallisa",138,"Budaka",811,"Kaderuna",NA,"","Sub-county","Sub-county","",""
812,239,"UGA","Uganda",50,"Pallisa",138,"Budaka",812,"Kameruka",NA,"","Sub-county","Sub-county","",""
813,239,"UGA","Uganda",50,"Pallisa",138,"Budaka",813,"Kamonkoli",NA,"","Sub-county","Sub-county","",""
814,239,"UGA","Uganda",50,"Pallisa",138,"Budaka",814,"Lyama",NA,"","Sub-county","Sub-county","",""
815,239,"UGA","Uganda",50,"Pallisa",138,"Budaka",815,"Naboa",NA,"","Sub-county","Sub-county","",""
816,239,"UGA","Uganda",50,"Pallisa",139,"Butebo",816,"Butebo",NA,"","Sub-county","Sub-county","",""
817,239,"UGA","Uganda",50,"Pallisa",139,"Butebo",817,"Kabwangasi",NA,"","Sub-county","Sub-county","",""
818,239,"UGA","Uganda",50,"Pallisa",139,"Butebo",818,"Kakoro",NA,"","Sub-county","Sub-county","",""
819,239,"UGA","Uganda",50,"Pallisa",139,"Butebo",819,"Kibale",NA,"","Sub-county","Sub-county","",""
820,239,"UGA","Uganda",50,"Pallisa",139,"Butebo",820,"Petete",NA,"","Sub-county","Sub-county","",""
821,239,"UGA","Uganda",50,"Pallisa",140,"Kibuku",821,"Bulangira",NA,"","Sub-county","Sub-county","",""
822,239,"UGA","Uganda",50,"Pallisa",140,"Kibuku",822,"Buseta",NA,"","Sub-county","Sub-county","",""
823,239,"UGA","Uganda",50,"Pallisa",140,"Kibuku",823,"Kadama",NA,"","Sub-county","Sub-county","",""
824,239,"UGA","Uganda",50,"Pallisa",140,"Kibuku",824,"Kagumu",NA,"","Sub-county","Sub-county","",""
825,239,"UGA","Uganda",50,"Pallisa",140,"Kibuku",825,"Kibuku",NA,"","Sub-county","Sub-county","",""
826,239,"UGA","Uganda",50,"Pallisa",140,"Kibuku",826,"Kirika",NA,"","Sub-county","Sub-county","",""
827,239,"UGA","Uganda",50,"Pallisa",140,"Kibuku",827,"Tirinyi",NA,"","Sub-county","Sub-county","",""
828,239,"UGA","Uganda",50,"Pallisa",141,"Pallisa",828,"Agule",NA,"","Sub-county","Sub-county","",""
829,239,"UGA","Uganda",50,"Pallisa",141,"Pallisa",829,"Apopong",NA,"","Sub-county","Sub-county","",""
830,239,"UGA","Uganda",50,"Pallisa",141,"Pallisa",830,"Gogonyo",NA,"","Sub-county","Sub-county","",""
831,239,"UGA","Uganda",50,"Pallisa",141,"Pallisa",831,"Kameke",NA,"","Sub-county","Sub-county","",""
832,239,"UGA","Uganda",50,"Pallisa",141,"Pallisa",832,"Kamuge",NA,"","Sub-county","Sub-county","",""
833,239,"UGA","Uganda",50,"Pallisa",141,"Pallisa",833,"Kasodo",NA,"","Sub-county","Sub-county","",""
834,239,"UGA","Uganda",50,"Pallisa",141,"Pallisa",834,"Pallisa Tc",NA,"","Sub-county","Sub-county","",""
835,239,"UGA","Uganda",50,"Pallisa",141,"Pallisa",835,"Pallisa",NA,"","Sub-county","Sub-county","",""
836,239,"UGA","Uganda",50,"Pallisa",141,"Pallisa",836,"Puti-Puti",NA,"","Sub-county","Sub-county","",""
837,239,"UGA","Uganda",51,"Rakai",142,"Kabula",837,"Kaliiro",NA,"","Sub-county","Sub-county","",""
838,239,"UGA","Uganda",51,"Rakai",142,"Kabula",838,"Kasagama",NA,"","Sub-county","Sub-county","",""
839,239,"UGA","Uganda",51,"Rakai",142,"Kabula",839,"Kinuuka",NA,"","Sub-county","Sub-county","",""
840,239,"UGA","Uganda",51,"Rakai",142,"Kabula",840,"Lyantonde Tc",NA,"","Sub-county","Sub-county","",""
841,239,"UGA","Uganda",51,"Rakai",142,"Kabula",841,"Lyantonde",NA,"","Sub-county","Sub-county","",""
842,239,"UGA","Uganda",51,"Rakai",142,"Kabula",842,"Mpumudde",NA,"","Sub-county","Sub-county","",""
843,239,"UGA","Uganda",51,"Rakai",143,"Kakuuto",843,"Kakuuto",NA,"","Sub-county","Sub-county","",""
844,239,"UGA","Uganda",51,"Rakai",143,"Kakuuto",844,"Kasasa",NA,"","Sub-county","Sub-county","",""
845,239,"UGA","Uganda",51,"Rakai",143,"Kakuuto",845,"Kibanda",NA,"","Sub-county","Sub-county","",""
846,239,"UGA","Uganda",51,"Rakai",143,"Kakuuto",846,"Kitumba",NA,"","Sub-county","Sub-county","","Kifamba"
847,239,"UGA","Uganda",51,"Rakai",143,"Kakuuto",847,"Kyebe",NA,"","Sub-county","Sub-county","",""
848,239,"UGA","Uganda",51,"Rakai",144,"Kooki",848,"Byakabanda",NA,"","Sub-county","Sub-county","",""
849,239,"UGA","Uganda",51,"Rakai",144,"Kooki",849,"Ddwaniro",NA,"","Sub-county","Sub-county","",""
850,239,"UGA","Uganda",51,"Rakai",144,"Kooki",850,"Kacheera",NA,"","Sub-county","Sub-county","",""
851,239,"UGA","Uganda",51,"Rakai",144,"Kooki",851,"Kagamba",NA,"","Sub-county","Sub-county","","Kagamba (Buyamba)"
852,239,"UGA","Uganda",51,"Rakai",144,"Kooki",852,"Kakuuto",NA,"","Sub-county","Sub-county","",""
853,239,"UGA","Uganda",51,"Rakai",144,"Kooki",853,"Kyalulangira",NA,"","Sub-county","Sub-county","",""
854,239,"UGA","Uganda",51,"Rakai",144,"Kooki",854,"Lwamaggwa",NA,"","Sub-county","Sub-county","",""
855,239,"UGA","Uganda",51,"Rakai",144,"Kooki",855,"Lwanda",NA,"","Sub-county","Sub-county","",""
856,239,"UGA","Uganda",51,"Rakai",144,"Kooki",856,"Rakai Tc",NA,"","Sub-county","Sub-county","",""
857,239,"UGA","Uganda",51,"Rakai",145,"Kyotera",857,"Kabira",NA,"","Sub-county","Sub-county","",""
858,239,"UGA","Uganda",51,"Rakai",145,"Kyotera",858,"Kalisizo",NA,"","Sub-county","Sub-county","",""
859,239,"UGA","Uganda",51,"Rakai",145,"Kyotera",859,"Kasaali",NA,"","Sub-county","Sub-county","",""
860,239,"UGA","Uganda",51,"Rakai",145,"Kyotera",860,"Kirumba",NA,"","Sub-county","Sub-county","",""
861,239,"UGA","Uganda",51,"Rakai",145,"Kyotera",861,"Kyotera Tc",NA,"","Sub-county","Sub-county","",""
862,239,"UGA","Uganda",51,"Rakai",145,"Kyotera",862,"Lwankoni",NA,"","Sub-county","Sub-county","",""
863,239,"UGA","Uganda",51,"Rakai",145,"Kyotera",863,"Nabigasa",NA,"","Sub-county","Sub-county","",""
864,239,"UGA","Uganda",52,"Rukungiri",146,"Bufumbira",864,"Bugangari",NA,"","Sub-county","Sub-county","",""
865,239,"UGA","Uganda",52,"Rukungiri",146,"Bufumbira",865,"Buhunga",NA,"","Sub-county","Sub-county","",""
866,239,"UGA","Uganda",52,"Rukungiri",146,"Bufumbira",866,"Bwambara",NA,"","Sub-county","Sub-county","",""
867,239,"UGA","Uganda",52,"Rukungiri",146,"Bufumbira",867,"Kagunga",NA,"","Sub-county","Sub-county","",""
868,239,"UGA","Uganda",52,"Rukungiri",146,"Bufumbira",868,"Nyakagyeme",NA,"","Sub-county","Sub-county","",""
869,239,"UGA","Uganda",52,"Rukungiri",146,"Bufumbira",869,"Ruhinda",NA,"","Sub-county","Sub-county","",""
870,239,"UGA","Uganda",52,"Rukungiri",146,"Bufumbira",870,"Rukungiri Tc",NA,"","Sub-county","Sub-county","",""
871,239,"UGA","Uganda",52,"Rukungiri",147,"Rubabo",871,"Buyanja",NA,"","Sub-county","Sub-county","",""
872,239,"UGA","Uganda",52,"Rukungiri",147,"Rubabo",872,"Kebisoni",NA,"","Sub-county","Sub-county","",""
873,239,"UGA","Uganda",52,"Rukungiri",147,"Rubabo",873,"Nyakishenyi",NA,"","Sub-county","Sub-county","",""
874,239,"UGA","Uganda",52,"Rukungiri",147,"Rubabo",874,"Nyarushanje",NA,"","Sub-county","Sub-county","",""
875,239,"UGA","Uganda",53,"Sembabule",148,"Lwemiyaga",875,"Lwemiyaga",NA,"","Sub-county","Sub-county","",""
876,239,"UGA","Uganda",53,"Sembabule",148,"Lwemiyaga",876,"Ntusi",NA,"","Sub-county","Sub-county","",""
877,239,"UGA","Uganda",53,"Sembabule",149,"Mawogola",877,"Lugusulu",NA,"","Sub-county","Sub-county","",""
878,239,"UGA","Uganda",53,"Sembabule",149,"Mawogola",878,"Lwebitakuli",NA,"","Sub-county","Sub-county","",""
879,239,"UGA","Uganda",53,"Sembabule",149,"Mawogola",879,"Mateete",NA,"","Sub-county","Sub-county","",""
880,239,"UGA","Uganda",53,"Sembabule",149,"Mawogola",880,"Mijwala",NA,"","Sub-county","Sub-county","",""
881,239,"UGA","Uganda",53,"Sembabule",149,"Mawogola",881,"Sembabule Tc",NA,"","Sub-county","Sub-county","",""
882,239,"UGA","Uganda",54,"Sironko",150,"Budadiri",882,"Buhugu",NA,"","Sub-county","Sub-county","",""
883,239,"UGA","Uganda",54,"Sironko",150,"Budadiri",883,"Bukhulo",NA,"","Sub-county","Sub-county","",""
884,239,"UGA","Uganda",54,"Sironko",150,"Budadiri",884,"Bumasifwa",NA,"","Sub-county","Sub-county","",""
885,239,"UGA","Uganda",54,"Sironko",150,"Budadiri",885,"Busulani",NA,"","Sub-county","Sub-county","",""
886,239,"UGA","Uganda",54,"Sironko",150,"Budadiri",886,"Butandiga",NA,"","Sub-county","Sub-county","",""
887,239,"UGA","Uganda",54,"Sironko",150,"Budadiri",887,"Buteza",NA,"","Sub-county","Sub-county","",""
888,239,"UGA","Uganda",54,"Sironko",150,"Budadiri",888,"Buwalasi",NA,"","Sub-county","Sub-county","",""
889,239,"UGA","Uganda",54,"Sironko",150,"Budadiri",889,"Buyobo",NA,"","Sub-county","Sub-county","",""
890,239,"UGA","Uganda",54,"Sironko",150,"Budadiri",890,"Sironko Tc",NA,"","Sub-county","Sub-county","",""
891,239,"UGA","Uganda",54,"Sironko",150,"Budadiri",891,"Zesui",NA,"","Sub-county","Sub-county","",""
892,239,"UGA","Uganda",54,"Sironko",151,"Bulambuli",892,"Buginyanya",NA,"","Sub-county","Sub-county","",""
893,239,"UGA","Uganda",54,"Sironko",151,"Bulambuli",893,"Bukhalu",NA,"","Sub-county","Sub-county","",""
894,239,"UGA","Uganda",54,"Sironko",151,"Bulambuli",894,"Bulago",NA,"","Sub-county","Sub-county","",""
895,239,"UGA","Uganda",54,"Sironko",151,"Bulambuli",895,"Bulegeni",NA,"","Sub-county","Sub-county","",""
896,239,"UGA","Uganda",54,"Sironko",151,"Bulambuli",896,"Buluganya",NA,"","Sub-county","Sub-county","",""
897,239,"UGA","Uganda",54,"Sironko",151,"Bulambuli",897,"Bunambutye",NA,"","Sub-county","Sub-county","",""
898,239,"UGA","Uganda",54,"Sironko",151,"Bulambuli",898,"Masiira",NA,"","Sub-county","Sub-county","",""
899,239,"UGA","Uganda",54,"Sironko",151,"Bulambuli",899,"Muyembe",NA,"","Sub-county","Sub-county","",""
900,239,"UGA","Uganda",54,"Sironko",151,"Bulambuli",900,"Sisiyi",NA,"","Sub-county","Sub-county","",""
901,239,"UGA","Uganda",54,"Sironko",152,"Mt. Elgon Np",901,"Mt. Elgon Np",NA,"","Sub-county","Sub-county","",""
902,239,"UGA","Uganda",55,"Soroti",153,"Kasilo",902,"Bugondo",NA,"","Sub-county","Sub-county","",""
903,239,"UGA","Uganda",55,"Soroti",153,"Kasilo",903,"Kadungulu",NA,"","Sub-county","Sub-county","",""
904,239,"UGA","Uganda",55,"Soroti",153,"Kasilo",904,"Pingire",NA,"","Sub-county","Sub-county","",""
905,239,"UGA","Uganda",55,"Soroti",154,"Serere",905,"Atiira",NA,"","Sub-county","Sub-county","",""
906,239,"UGA","Uganda",55,"Soroti",154,"Serere",906,"Kateta",NA,"","Sub-county","Sub-county","",""
907,239,"UGA","Uganda",55,"Soroti",154,"Serere",907,"Kyere",NA,"","Sub-county","Sub-county","",""
908,239,"UGA","Uganda",55,"Soroti",154,"Serere",908,"Olio",NA,"","Sub-county","Sub-county","",""
909,239,"UGA","Uganda",55,"Soroti",155,"Soroti",909,"Arapai",NA,"","Sub-county","Sub-county","",""
910,239,"UGA","Uganda",55,"Soroti",155,"Soroti",910,"Asuret",NA,"","Sub-county","Sub-county","",""
911,239,"UGA","Uganda",55,"Soroti",155,"Soroti",911,"Eastern Division",NA,"","Sub-county","Sub-county","",""
912,239,"UGA","Uganda",55,"Soroti",155,"Soroti",912,"Gweri",NA,"","Sub-county","Sub-county","",""
913,239,"UGA","Uganda",55,"Soroti",155,"Soroti",913,"Kamuda",NA,"","Sub-county","Sub-county","",""
914,239,"UGA","Uganda",55,"Soroti",155,"Soroti",914,"Katine",NA,"","Sub-county","Sub-county","",""
915,239,"UGA","Uganda",55,"Soroti",155,"Soroti",915,"Northern Division",NA,"","Sub-county","Sub-county","",""
916,239,"UGA","Uganda",55,"Soroti",155,"Soroti",916,"Soroti",NA,"","Sub-county","Sub-county","",""
917,239,"UGA","Uganda",55,"Soroti",155,"Soroti",917,"Tubur",NA,"","Sub-county","Sub-county","",""
918,239,"UGA","Uganda",55,"Soroti",155,"Soroti",918,"Western Division",NA,"","Sub-county","Sub-county","",""
919,239,"UGA","Uganda",56,"Tororo",156,"Bunyole",919,"Budumba",NA,"","Sub-county","Sub-county","",""
920,239,"UGA","Uganda",56,"Tororo",156,"Bunyole",920,"Busaba",NA,"","Sub-county","Sub-county","",""
921,239,"UGA","Uganda",56,"Tororo",156,"Bunyole",921,"Busolwe",NA,"","Sub-county","Sub-county","",""
922,239,"UGA","Uganda",56,"Tororo",156,"Bunyole",922,"Butaleja",NA,"","Sub-county","Sub-county","",""
923,239,"UGA","Uganda",56,"Tororo",156,"Bunyole",923,"Kachonga",NA,"","Sub-county","Sub-county","",""
924,239,"UGA","Uganda",56,"Tororo",156,"Bunyole",924,"Nawanjofu",NA,"","Sub-county","Sub-county","",""
925,239,"UGA","Uganda",56,"Tororo",156,"Bunyole",925,"Nazimasa",NA,"","Sub-county","Sub-county","",""
926,239,"UGA","Uganda",56,"Tororo",157,"Kisoko (West Budama)",926,"Iyolwa",NA,"","Sub-county","Sub-county","",""
927,239,"UGA","Uganda",56,"Tororo",157,"Kisoko (West Budama)",927,"Kirewa",NA,"","Sub-county","Sub-county","",""
928,239,"UGA","Uganda",56,"Tororo",157,"Kisoko (West Budama)",928,"Kisoko",NA,"","Sub-county","Sub-county","",""
929,239,"UGA","Uganda",56,"Tororo",157,"Kisoko (West Budama)",929,"Mulanda",NA,"","Sub-county","Sub-county","",""
930,239,"UGA","Uganda",56,"Tororo",157,"Kisoko (West Budama)",930,"Nabuyoga",NA,"","Sub-county","Sub-county","",""
931,239,"UGA","Uganda",56,"Tororo",157,"Kisoko (West Budama)",931,"Nagongera",NA,"","Sub-county","Sub-county","",""
932,239,"UGA","Uganda",56,"Tororo",157,"Kisoko (West Budama)",932,"Paya",NA,"","Sub-county","Sub-county","",""
933,239,"UGA","Uganda",56,"Tororo",157,"Kisoko (West Budama)",933,"Petta",NA,"","Sub-county","Sub-county","",""
934,239,"UGA","Uganda",56,"Tororo",157,"Kisoko (West Budama)",934,"Rubongi",NA,"","Sub-county","Sub-county","",""
935,239,"UGA","Uganda",56,"Tororo",158,"Tororo",935,"Eastern Divisioni",NA,"","Sub-county","Sub-county","",""
936,239,"UGA","Uganda",56,"Tororo",158,"Tororo",936,"Kwapa",NA,"","Sub-county","Sub-county","",""
937,239,"UGA","Uganda",56,"Tororo",158,"Tororo",937,"Mella",NA,"","Sub-county","Sub-county","",""
938,239,"UGA","Uganda",56,"Tororo",158,"Tororo",938,"Merikit",NA,"","Sub-county","Sub-county","",""
939,239,"UGA","Uganda",56,"Tororo",158,"Tororo",939,"Molo",NA,"","Sub-county","Sub-county","",""
940,239,"UGA","Uganda",56,"Tororo",158,"Tororo",940,"Mukuju",NA,"","Sub-county","Sub-county","",""
941,239,"UGA","Uganda",56,"Tororo",158,"Tororo",941,"Osukuru",NA,"","Sub-county","Sub-county","",""
942,239,"UGA","Uganda",56,"Tororo",158,"Tororo",942,"Western Divisioni",NA,"","Sub-county","Sub-county","",""
943,239,"UGA","Uganda",57,"Wakiso",159,"Busiiro",943,"Kakiri",NA,"","Sub-county","Sub-county","",""
944,239,"UGA","Uganda",57,"Wakiso",159,"Busiiro",944,"Kasanje",NA,"","Sub-county","Sub-county","",""
945,239,"UGA","Uganda",57,"Wakiso",159,"Busiiro",945,"Katabi-Entebbe",NA,"","Sub-county","Sub-county","","Katabi"
946,239,"UGA","Uganda",57,"Wakiso",159,"Busiiro",946,"Masulita",NA,"","Sub-county","Sub-county","",""
947,239,"UGA","Uganda",57,"Wakiso",159,"Busiiro",947,"Namayumba",NA,"","Sub-county","Sub-county","",""
948,239,"UGA","Uganda",57,"Wakiso",159,"Busiiro",948,"Nsangi",NA,"","Sub-county","Sub-county","",""
949,239,"UGA","Uganda",57,"Wakiso",159,"Busiiro",949,"Ssisa",NA,"","Sub-county","Sub-county","",""
950,239,"UGA","Uganda",57,"Wakiso",159,"Busiiro",950,"Wakiso Tc",NA,"","Sub-county","Sub-county","",""
951,239,"UGA","Uganda",57,"Wakiso",159,"Busiiro",951,"Wakiso",NA,"","Sub-county","Sub-county","",""
952,239,"UGA","Uganda",57,"Wakiso",160,"Entebbe",952,"Division A",NA,"","Sub-county","Sub-county","",""
953,239,"UGA","Uganda",57,"Wakiso",160,"Entebbe",953,"Division B",NA,"","Sub-county","Sub-county","",""
954,239,"UGA","Uganda",57,"Wakiso",161,"Jinja",954,"Busukuma",NA,"","Sub-county","Sub-county","",""
955,239,"UGA","Uganda",57,"Wakiso",161,"Jinja",955,"Gombe",NA,"","Sub-county","Sub-county","",""
956,239,"UGA","Uganda",57,"Wakiso",161,"Jinja",956,"Kira",NA,"","Sub-county","Sub-county","",""
957,239,"UGA","Uganda",57,"Wakiso",161,"Jinja",957,"Nabweru",NA,"","Sub-county","Sub-county","",""
958,239,"UGA","Uganda",57,"Wakiso",161,"Jinja",958,"Nangabo",NA,"","Sub-county","Sub-county","",""
959,239,"UGA","Uganda",57,"Wakiso",161,"Jinja",959,"Ssabagabo-Makindye",NA,"","Sub-county","Sub-county","",""
960,239,"UGA","Uganda",58,"Yumbe",162,"Aringa",960,"Apo",NA,"","Sub-county","Sub-county","",""
961,239,"UGA","Uganda",58,"Yumbe",162,"Aringa",961,"Drajani",NA,"","Sub-county","Sub-county","",""
962,239,"UGA","Uganda",58,"Yumbe",162,"Aringa",962,"Kei",NA,"","Sub-county","Sub-county","",""
963,239,"UGA","Uganda",58,"Yumbe",162,"Aringa",963,"Kuru",NA,"","Sub-county","Sub-county","",""
964,239,"UGA","Uganda",58,"Yumbe",162,"Aringa",964,"Midigo",NA,"","Sub-county","Sub-county","",""
965,239,"UGA","Uganda",58,"Yumbe",162,"Aringa",965,"Odravu",NA,"","Sub-county","Sub-county","",""
966,239,"UGA","Uganda",58,"Yumbe",162,"Aringa",966,"Romogi",NA,"","Sub-county","Sub-county","",""
967,239,"UGA","Uganda",58,"Yumbe",162,"Aringa",967,"Yumbe Tc",NA,"","Sub-county","Sub-county","",""
